Donor_ID,Donor_SMILES,PCE
1,CCCCCCc1c(C#CC2=C3CCC4N3[Zn@@]35n6c2ccc6C(=C2N3C(CC2)C(=c2n5c(=C4c3c(C)cc(cc3C)C)cc2)C#Cc2sc(c(c2CCCCCC)CCCCCC)C=C(C#N)C#N)c2c(C)cc(cc2C)C)sc(c1CCCCCC)C=C(C#N)C#N,1.36
1,CCCCCCc1c(C#CC2=C3CCC4N3[Zn@@]35n6c2ccc6C(=C2N3C(CC2)C(=c2n5c(=C4c3c(C)cc(cc3C)C)cc2)C#Cc2sc(c(c2CCCCCC)CCCCCC)C=C(C#N)C#N)c2c(C)cc(cc2C)C)sc(c1CCCCCC)C=C(C#N)C#N,1.24
2,CCCCCCc1c(/C=C/c2sc(c(c2CCCCCC)CCCCCC)C=C(C#N)C#N)sc(c1CCCCCC)C#CC1=C2CCC3N2[Zn@]24n5c1ccc5C(=C1N2C(CC1)C(=c1n4c(=C3c2c(C)cc(cc2C)C)cc1)C#Cc1sc(c(c1CCCCCC)CCCCCC)/C=C/c1sc(c(c1CCCCCC)CCCCCC)C=C(C#N)C#N)c1c(C)cc(cc1C)C,3.16
3,CCCC[C@H](Cn1c2cc(ccc2c2c1c1c(c3c2n(C[C@H](CCCC)CC)c2c3cccc2)n(c2c1cccc2)C[C@@H](CCCC)CC)c1ccc(s1)c1ccc(c2c1nsn2)c1ccc(s1)c1ccc2c(c1)n(C[C@H](CCCC)CC)c1c2c2n(C[C@@H](CCCC)CC)c3c(c2c2c1c1ccccc1n2C[C@H](CCCC)CC)cccc3)CC,2.1
4,CCCC[C@H](Cn1c2cc(ccc2c2c1c1c(c3c2n(C[C@H](CCCC)CC)c2c3cccc2)n(c2c1cccc2)C[C@@H](CCCC)CC)c1ccc(s1)c1ccc(c2c1nsn2)c1ccc(s1)c1ccc2c(c1)n(C[C@H](CCCC)CC)c1c2c2n(C[C@@H](CCCC)CC)c3c(c2c2c1c1ccccc1n2C[C@H](CCCC)CC)cccc3)CC,2.7
5,CCCC[C@@H](Cn1c2cc(ccc2c2c1c1c3ccccc3n(c1c1c2n(C[C@@H](CCCC)CC)c2c1cccc2)C[C@H](CCCC)CC)c1ccc(s1)c1ncc(c2c1nsn2)c1ccc(s1)c1ccc2c(c1)n(C[C@@H](CCCC)CC)c1c2c2c(c3c1c1ccccc1n3C[C@@H](CCCC)CC)c1c(n2C[C@H](CCCC)CC)cccc1)CC,2.9
6,CCCC[C@H](Cn1c2cc(ccc2c2c1c1c(c3c2n(C[C@H](CCCC)CC)c2c3cccc2)n(c2c1cccc2)C[C@@H](CCCC)CC)c1ccc(s1)[C@@H]1[S]=C(c2c1nsn2)c1ccc(s1)c1ccc2c(c1)n(C[C@H](CCCC)CC)c1c2c2n(C[C@@H](CCCC)CC)c3c(c2c2c1c1ccccc1n2C[C@H](CCCC)CC)cccc3)CC,0.5
7,N#C[C](c1nc(c(s1)[CH]c1ccc(cc1)N(c1ccccc1)c1ccccc1)c1ccccc1)C#N,1.55
7,N#C[C](c1nc(c(s1)[CH]c1ccc(cc1)N(c1ccccc1)c1ccccc1)c1ccccc1)C#N,3.52
8,N#C[C](c1nc(c(s1)[CH]c1ccc(cc1)N(Cc1ccccc1)Cc1ccccc1)c1ccccc1)C#N,1.72
9,N#C[C](c1nc(c(s1)[CH]c1ccc(cc1)N(c1cccc2c1cccc2)c1ccccc1)c1ccccc1)C#N,1.48
10,CCCC[C@H](C[Si]1(C[C@H](CCCC)CC)c2cc(sc2c2c1cc(s2)c1c(F)cc(c2c1nsn2)c1ccc(s1)c1ccc(s1)CCCCCC)c1c(F)cc(c2c1nsn2)c1ccc(s1)c1ccc(s1)CCCCCC)CC,2.09
11,CCCC[C@H](CSc1ccc(s1)c1c2cc(sc2c(c2c1sc(c2)c1sc(c(c1)CCCCCCCC)c1ccc(s1)c1sc(cc1CCCCCCCC)/C=C\1/SC(=S)N(C1=O)CC)c1ccc(s1)SC[C@H](CCCC)CC)c1sc(c(c1)CCCCCCCC)c1ccc(s1)c1sc(cc1CCCCCCCC)/C=C\1/SC(=S)N(C1=O)CC)CC,9.2
12,CCCCCCc1ccc(c2c1C1=N/C/2=C\c2[nH]c(c3c2c(CCCCCC)ccc3CCCCCC)/C=C\2/N=C(/C=c\3/[nH]/c(=C\1)/c1c(CCCCCC)ccc(c31)CCCCCC)c1c(CCCCCC)ccc(c21)CCCCCC)CCCCCC,1.4
13,CCCCCCc1ccc(c2c1/C/1=C\c3[nH]c(c4c3c(CCCCCC)ccc4CCCCCC)/N=C/3\N=C(/C=c/4\[nH]/c(=C/C2=N1)/c1c(CCCCCC)ccc(c41)CCCCCC)c1c3c(CCCCCC)ccc1CCCCCC)CCCCCC,2.4
14,CCCCCC[C]1C=C[C](C2=C1C1=N/C/2=N\c2[nH]c(c3c2c(CCCCCC)ccc3CCCCCC)/C=C\2/N=C(/C=c\3/[nH]/c(=N\1)/c1c(CCCCCC)ccc(c31)CCCCCC)c1c(CCCCCC)ccc(c21)CCCCCC)CCCCCC,2.8
15,CCCC[C@H](Cc1cc(sc1c1ccc(s1)c1sc(cc1C[C@@H](CCCC)CC)c1c(F)c(F)c(c2c1nsn2)c1cc(c(s1)c1ccc(s1)/C=C\1/SC(N(C1=O)CC)[C](C#N)C#N)C[C@@H](CCCC)CC)c1c(F)c(F)c(c2c1nsn2)c1cc(c(s1)c1ccc(s1)[CH]C1SC(=C(C#N)C#N)N(C1=O)CC)C[C@@H](CCCC)CC)CC,5.16
16,CCCC[C@H](COc1c2sc(cc2c(c2c1cc(s2)c1c(F)cc(c2c1nsn2)c1ccc(s1)c1ccc(s1)CCCCCC)OC[C@H](CCCC)CC)c1c(F)cc(c2c1nsn2)c1ccc(s1)c1ccc(s1)CCCCCC)CC,4.08
17,CCCCCCc1ccc(s1)c1ccc(s1)c1cc(F)c(c2c1nsn2)c1cc2c(s1)c(C#C[Si](C(C)C)(C(C)C)C(C)C)c1c(c2C#C[Si](C(C)C)(C(C)C)C(C)C)sc(c1)c1c(F)cc(c2c1nsn2)c1ccc(s1)c1ccc(s1)CCCCCC,5.69
18,CCCC[C@H](COc1ccc(cc1)c1c2cc(sc2c(c2c1sc(c2)c1sc(cc1CCCCCCCC)c1sc(cc1CCCCCCCC)c1ccc(s1)/C=C(/C(=O)OCCCCCCCC)\C#N)c1ccc(cc1)OC[C@H](CCCC)CC)c1sc(cc1CCCCCCCC)c1sc(cc1CCCCCCCC)c1ccc(s1)/C=C(/C(=O)OCCCCCCCC)\C#N)CC,4.34
19,CCCC[C@H](Cc1ccc(s1)c1c2sc(cc2c(c2c1cc(s2)c1ccc2c(c1)N(C[C@H](CCCC)CC)C(=O)/C/2=C\c1ccc(s1)c1ccc(s1)CCCCCC)c1ccc(s1)C[C@H](CCCC)CC)c1ccc2c(c1)N(C[C@H](CCCC)CC)C(=O)/C/2=C\c1ccc(s1)c1ccc(s1)CCCCCC)CC,2.43
20,CCCCCCCCN1C(S/C(=C\c2sc(c(c2)CCCCCC)c2ccc(s2)c2sc(c(c2)CCCCCCCC)c2cc3c(s2)c(OC[C@H](CCCC)CC)c2c(c3OC[C@@H](CCCC)CC)sc(c2)c2sc(cc2CCCCCCCC)c2ccc(s2)c2sc(cc2CCCCCCCC)/C=C/2\SC(N(C2=O)CCCCCCCC)[C](C#N)C#N)/C1=O)[C](C#N)C#N,1.1
21,CCCCCCCCN1C(=O)C(SC1=C(C#N)C#N)[CH]c1sc(c(c1)CCCCCC)c1ccc(s1)c1sc(c(c1)CCCCCCCC)c1cc2c(s1)c(c1ccc(s1)C[C@H](CCCC)CC)c1c(c2c2ccc(s2)C[C@@H](CCCC)CC)sc(c1)c1sc(cc1CCCCCCCC)c1ccc(s1)c1sc(cc1CCCCCCCC)[CH]C1SC(=C(C#N)C#N)N(C1=O)CCCCCCCC,1.94
22,CCCCCCCCn1c2cc(ccc2c2c1cc(cc2)c1cc(c(s1)c1ccc(s1)c1sc(cc1CCCCCCCC)[CH]C1=[S]C(=S)N(C1=O)CCCCCCCC)CCCCCCCC)c1cc(c(s1)c1ccc(s1)c1sc(cc1CCCCCCCC)[CH]C1=[S]C(=S)N(C1=O)CCCCCCCC)CCCCCCCC,3.94
23,CCCCCCCCCCCCCCCCn1c2cc3sc(cc3cc2c2c1cc1sc(cc1c2)c1ccc(s1)c1sc(cc1CCCCCCCC)[CH]C1=[S]C(=S)N(C1=O)CCCCCCCC)c1sc(cc1CCCCCCCC)c1sc(cc1CCCCCCCC)/C=C\1/SC(=S)N(C1=O)CCCCCCCC,7.03
24,N#CC(=C(C(=C(C#N)C#N)c1ccc(c2c1nsn2)n1c2ccccc2c2c1cccc2)c1ccc(cc1)N(c1ccccc1)c1ccccc1)C#N,2.76
25,N#C[C](c1ccc(cc1)[C](C(=C(C#N)C#N)c1ccc(c2c1nsn2)n1c2ccccc2c2c1cccc2)c1ccc(cc1)N(c1ccccc1)c1ccccc1)C#N,3.61
26,N#CC(=C(c1ccc(c2c1nsn2)C#Cc1c2ccccc2cc2c1cccc2)C(=C(C#N)C#N)c1ccc(cc1)N(c1ccccc1)c1ccccc1)C#N,3.15
27,N#CC(=C(C(=C(C#N)C#N)c1ccc(cc1)N(c1ccccc1)c1ccccc1)c1ccc(cc1)c1sc2c(n1)cccc2)C#N,2.56
28,N#CC(=C([C](c1ccc(cc1)[C](C#N)C#N)c1ccc(cc1)c1sc2c(n1)cccc2)c1ccc(cc1)N(c1ccccc1)c1ccccc1)C#N,3.68
29,CCCC[C@H](Cn1c2ccc(cc2c2c1cccc2)c1nsnc(c1=O)c1ccc2c(c1)c1ccccc1n2C[C@H](CCCC)CC)CC,0.01
30,CCCC[C@H](Cn1c2ccc(cc2c2c1cccc2)c1ccc(s1)c1nsnc(c1=O)c1ccc(s1)c1ccc2c(c1)c1ccccc1n2C[C@H](CCCC)CC)CC,2.09
31,CCCC[C@H](Cc1cc(sc1c1ccc(s1)[CH]C1SC(=C(C#N)C#N)N(C1=O)CC)c1c(F)c(F)c(c2c1nsn2)c1cc(c(s1)c1ccc(s1)/C=C\1/SC(N(C1=O)CC)[C](C#N)C#N)C[C@@H](CCCC)CC)CC,4.26
32,CCCC[C@H](Cn1c2ccc(cc2c2c1cccc2)c1ccc(s1)c1ccc(s1)c1nsnc(c1=O)c1ccc(s1)c1ccc(s1)c1ccc2c(c1)c1ccccc1n2C[C@H](CCCC)CC)CC,2.23
33,CCCCCCCCOc1c2[S]=C(Cc2c(c2c1cc(s2)c1sc(cc1CCCCCC)c1c(F)c(F)c(c2c1nn(n2)CCCCCCCC)c1scc(c1)CCCCCC)OCCCCCCCC)c1sc(cc1CCCCCC)c1c(F)c(F)c(c2c1nn(n2)CCCCCCCC)c1scc(c1)CCCCCC,2.43
34,CCCCCCCCOc1c2[S]=C(Cc2c(c2c1cc(s2)c1sc(cc1CCCCCC)c1cc(F)c(c2c1nn(n2)CCCCCCCC)c1scc(c1)CCCCCC)OCCCCCCCC)c1sc(cc1CCCCCC)c1cc(F)c(c2c1nn(n2)CCCCCCCC)c1scc(c1)CCCCCC,3.25
35,CCCCCCCCOc1c2[S]=C(Cc2c(c2c1cc(s2)c1sc(cc1CCCCCC)c1ccc(c2c1nn(n2)CCCCCCCC)c1scc(c1)CCCCCC)OCCCCCCCC)c1sc(cc1CCCCCC)c1ccc(c2c1nn(n2)CCCCCCCC)c1scc(c1)CCCCCC,1.71
36,CCCCCCCCc1ccc(s1)c1c2sc(cc2c(c2c1cc(s2)c1sc(cc1CCCCCCCC)c1sc(cc1CCCCCCCC)c1sc(cc1CCCCCCCC)/C=C(\C(=O)OCCCCCCCC)/C#N)c1ccc(s1)CCCCCCCC)c1sc(cc1CCCCCCCC)c1sc(cc1CCCCCCCC)c1sc(cc1CCCCCCCC)/C=C(\C(=O)OCCCCCCCC)/C#N,2.58
37,s1nc2c(n1)c(ccc2c1ccc(s1)c1ccc2c(c1)cccc2)c1ccc(s1)c1ccc2c(c1)cccc2,3.11
38,s1nc2c(n1)c(ccc2c1ccc(s1)c1cc2c(s1)cccc2)c1ccc(s1)c1cc2c(s1)cccc2,4.13
39,CCCCCC[C@@H](Cc1ccc(s1)C1=C2CCC3N2[Zn@]24n5c1ccc5C(=C1N2C(CC1)C(=c1n4c(=C3C#Cc2ccc(s2)c2n(C[C@@H](CCCC)CC)c(=O)c3c2c(=O)n(c3c2cccs2)C[C@@H](CCCC)CC)cc1)c1ccc(s1)C[C@H](CCCCCC)CCCC)C#Cc1ccc(s1)c1n(C[C@H](CCCC)CC)c(=O)c2c1c(=O)n(c2c1cccs1)C[C@H](CCCC)CC)CCCC,12.08
40,CCCCCCCCCCCCc1cc(sc1c1ccc(cc1)N(c1ccccc1)c1ccccc1)c1ccc(c2c1nsn2)/C=C/c1ccc(cc1)N(c1ccc(cc1)/C=C/c1ccc(c2c1nsn2)c1cc(c(s1)c1ccc(cc1)N(c1ccccc1)c1ccccc1)CCCCCCCCCCCC)c1ccccc1,1.04
41,CCCCCCCCCCCCc1cc(sc1c1ccc(cc1)N(c1ccccc1)c1ccccc1)c1ccc(c2c1nsn2)/C=C/c1ccc(cc1)N(c1ccc(cc1)C=C(C#N)C#N)c1ccccc1,1.51
42,CCCCCCCCCCCCc1cc(sc1c1ccc(cc1)N(c1ccccc1)c1ccccc1)c1ccc(c2c1nsn2)/C=C/c1ccc(cc1)N(c1ccc(cc1)/C=C(\c1ccc(cc1)N(=O)=O)/C#N)c1ccccc1,1.14
43,CCCC[C@H](COc1c2sc(cc2c(c2c1cc(s2)c1ccc(c2c1nsn2)/C=C/N(c1ccc(cc1)/C=C(/c1ccc(cc1)N(=O)=O)\C#N)c1ccccc1)OC[C@H](CCCC)CC)c1ccc(c2c1nsn2)/C=C/N(c1ccc(cc1)/C=C(/c1ccc(cc1)N(=O)=O)\C#N)c1ccccc1)CC,1.27
44,N#CC(=Cc1cnc(nc1)c1cc2c(s1)c1c(C2(Cc2ccccc2)Cc2ccccc2)cc(cc1)N(c1ccc(cc1)C)c1ccc(cc1)C)C#N,3.29
45,CCCCCCCCc1cc(sc1c1ccc(s1)c1sc(cc1CCCCCCCC)c1sc(cc1CCCCCCCC)[CH]C1SC(=C(C#N)C#N)N(C1=O)CC)c1sc(cc1CCCCCCCC)[CH]C1SC(=C(C#N)C#N)N(C1=O)CC,9.8
46,CCCCCCC[C@H](Cc1sc(c2c1C(=O)c1c(sc(c1C2=O)c1ccc(s1)/C=C/1\SC(=S)N(C1=O)CC)c1ccc(s1)c1sc2c(c1)c(c1ccc(s1)C[C@@H](CCCC)CC)c1c(c2c2ccc(s2)C[C@H](CCCC)CC)cc(s1)c1ccc(s1)c1sc(c2c1C(=O)c1c(C2=O)c(sc1C[C@@H](CCCCCC)CCCC)C[C@H](CCCCCC)CCCC)c1ccc(s1)[CH]C1=[S]C(=S)N(C1=O)CC)C[C@H](CCCCCC)CCCC)CCCC,7.8
47,CCCCCCCCc1cc(sc1c1ccc(s1)c1sc(cc1CCCCCCCC)c1sc(cc1CCCCCCCC)c1sc(cc1CCCCCCCC)/C=C/1\SC(N(C1=O)CC)[C](C#N)C#N)c1sc(cc1CCCCCCCC)c1sc(cc1CCCCCCCC)/C=C/1\SC(N(C1=O)CC)[C](C#N)C#N,9.05
48,CCCCCCCCc1cc(sc1c1cc(c(s1)c1sc(cc1CCCCCCCC)c1sc(cc1CCCCCCCC)c1sc(cc1CCCCCCCC)[CH]C1SC(=C(C#N)C#N)N(C1=O)CC)CCCCCCCC)c1sc(cc1CCCCCCCC)c1sc(cc1CCCCCCCC)c1sc(cc1CCCCCCCC)/C=C/1\SC(N(C1=O)CC)[C](C#N)C#N,6.37
49,CCCCCCCCc1cc(sc1c1cc(c(s1)c1cc(c(s1)c1cc(c(s1)c1cc(c(s1)/C=C/1\SC(N(C1=O)CC)[C](C#N)C#N)CCCCCCCC)CCCCCCCC)CCCCCCCC)CCCCCCCC)c1sc(cc1CCCCCCCC)c1sc(cc1CCCCCCCC)c1sc(cc1CCCCCCCC)c1sc(cc1CCCCCCCC)/C=C/1\SC(N(C1=O)CC)[C](C#N)C#N,7.62
50,CCCC[C@H](CN1C(=O)/C(=C/2\c3sc(cc3N(C2=O)C[C@@H](CCCC)CC)c2ccccc2)/c2c1cc(s2)c1ccccc1)CC,0.07
51,CCCCC[C@H](CN1C(=O)/C(=C/2\c3sc(cc3N(C2=O)C[C@@H](CCCC)CC)c2ccc3c(c2)cccc3)/c2c1cc(s2)c1ccc2c(c1)cccc2)CC,0.22
52,CCCC[C@H](CN1C(=O)/C(=C/2\c3sc(cc3N(C2=O)C[C@H](CCCC)CC)c2occ3c2cccc3)/c2c1cc(s2)c1occ2c1cccc2)CC,0.31
53,c1csc(c1)/C=C/c1ccc(s1)c1ccc(cc1)N(c1ccc(cc1)c1ccc(s1)/C=C/c1cccs1)c1ccc(cc1)c1ccc(s1)/C=C/c1cccs1,0.63
53,c1csc(c1)/C=C/c1ccc(s1)c1ccc(cc1)N(c1ccc(cc1)c1ccc(s1)/C=C/c1cccs1)c1ccc(cc1)c1ccc(s1)/C=C/c1cccs1,1.43
54,CCN1C(=S)N(CC)C(=O)C(=Cc2ccc(s2)c2ccc(cc2)N(c2ccc(cc2)c2ccc(s2)C=C2C(=O)N(CC)C(=S)N(C2=O)CC)c2ccc(cc2)c2ccc(s2)C=C2C(=O)N(CC)C(=S)N(C2=O)CC)C1=O,0.27
54,CCN1C(=S)N(CC)C(=O)C(=Cc2ccc(s2)c2ccc(cc2)N(c2ccc(cc2)c2ccc(s2)C=C2C(=O)N(CC)C(=S)N(C2=O)CC)c2ccc(cc2)c2ccc(s2)C=C2C(=O)N(CC)C(=S)N(C2=O)CC)C1=O,0.85
55,CCCC[C@H](COC(=O)/C(=C/c1ccc(s1)c1ccc(cc1)N(c1ccc(cc1)c1ccc(s1)/C=C(/C(=O)OC[C@@H](CCCC)CC)\C#N)c1ccc(cc1)c1ccc(s1)/C=C(/C(=O)OC[C@@H](CCCC)CC)\C#N)/C#N)CC,0.6
55,CCCC[C@H](COC(=O)/C(=C/c1ccc(s1)c1ccc(cc1)N(c1ccc(cc1)c1ccc(s1)/C=C(/C(=O)OC[C@@H](CCCC)CC)\C#N)c1ccc(cc1)c1ccc(s1)/C=C(/C(=O)OC[C@@H](CCCC)CC)\C#N)/C#N)CC,0.91
56,CCCC[C@H](Cc1ccc(s1)c1c2sc(cc2c(c2c1cc(s2)c1cc(c(s1)c1ccc(s1)c1sc(cc1CCCCCCCC)/C=C/1\SC(=S)N(C1=O)CC(=O)OC[C@H](CCCC)CC)CCCCCCCC)c1ccc(s1)C[C@@H](CCCC)CC)c1cc(c(s1)c1ccc(s1)c1sc(cc1CCCCCCCC)/C=C/1\SC(=S)N(C1=O)CC(=O)OC[C@H](CCCC)CC)CCCCCCCC)CC,8.03
57,CCCC[C@@H](Cc1ccc(s1)c1c2cc(sc2c(c2c1sc(c2)c1ccc(s1)c1n(C[C@H](CCCC)CC)c(=O)c2c1c(=O)n(c2c1ccc(s1)c1ccc(cc1)F)C[C@H](CCCC)CC)c1ccc(s1)C[C@H](CCCC)CC)c1ccc(s1)c1n(C[C@H](CCCC)CC)c(=O)c2c1c(=O)n(c2c1ccc(s1)c1ccc(cc1)F)C[C@H](CCCC)CC)CC,4.64
58,CCCC[C@@H](Cc1ccc(s1)c1c2cc(sc2c(c2c1sc(c2)c1ccc(s1)c1n(C[C@H](CCCC)CC)c(=O)c2c1c(=O)n(c2c1ccc(s1)c1ccc(cc1)C(F)(F)F)C[C@H](CCCC)CC)c1ccc(s1)C[C@H](CCCC)CC)c1ccc(s1)c1n(C[C@H](CCCC)CC)c(=O)c2c1c(=O)n(c2c1ccc(s1)c1ccc(cc1)C(F)(F)F)C[C@H](CCCC)CC)CC,5.87
59,CCCCCCc1ccc(cc1)C#Cc1c2ccccc2c(c2c1cc(cc2)c1ccc2c(c1)cccc2)C#Cc1ccc(cc1)CCCCCC,2.23
60,CCCCCCc1ccc(cc1)C#Cc1c2ccccc2c(c2c1cc(cc2)c1ccc(s1)c1ccc2c(c1)cccc2)C#Cc1ccc(cc1)CCCCCC,4.3
61,N#CC(=Cc1ccc(s1)c1ccc(s1)c1ccc(s1)N(c1ccc2c(c1)Cc1c2cccc1)c1ccc(cc1)c1ccccc1)C#N,1.33
63,CCCC[C@H](Cn1c(=O)c2c(c1c1ccc(s1)c1ccc(cc1C)OC(C)C)c(=O)n(c2c1ccc(s1)c1ccc(cc1C)OC(C)C)C[C@H](CCCC)CC)CC,2.89
64,CCCC[C@H](Cn1c(=O)c2c(c1c1ccc(s1)c1ccc(c(c1OC)OC)OC)c(=O)n(c2c1ccc(s1)c1ccc(c(c1OC)OC)OC)C[C@H](CCCC)CC)CC,3.55
65,CCCC[C@H](Cn1c(=O)c2c(c1c1ccc(s1)c1cc(cc(c1)C(C)(C)C)C(C)(C)C)c(=O)n(c2c1ccc(s1)c1cc(cc(c1)C(C)(C)C)C(C)(C)C)C[C@H](CCCC)CC)CC,3.05
66,CCCCCCCCOc1cccc(c1C1=C2CCC3N2[Zn@]24n5c1ccc5C(=C1N2C(CC1)C(=c1n4c(=C3C#Cc2sc(c(c2)CCCCCCCC)c2ccc(s2)c2sc(cc2CCCCCCCC)/C=C\2/SC(=S)N(C2=O)CC)cc1)c1c(OCCCCCCCC)cccc1OCCCCCCCC)C#Cc1sc(c(c1)CCCCCCCC)c1ccc(s1)c1sc(cc1CCCCCCCC)[CH]C1=[S]C(=S)N(C1=O)CC)OCCCCCCCC,4.46
67,CCCC[C@H](Cc1ccc(s1)c1c2sc(cc2c(c2c1cc(s2)c1ccc(c2c1nsn2)c1ccc(cc1)N(c1ccc(cc1)OCCCCCC)c1ccc(cc1)OCCCCCC)c1ccc(s1)C[C@H](CCCC)CC)c1ccc(c2c1nsn2)c1ccc(cc1)N(c1ccc(cc1)OCCCCCC)c1ccc(cc1)OCCCCCC)CC,5.38
68,CCCC[C@H](COc1c2sc(cc2c(c2c1cc(s2)c1ccc(c2c1nsn2)c1ccc(cc1)N(c1ccc(cc1)OCCCCCC)c1ccc(cc1)OCCCCCC)OC[C@H](CCCC)CC)c1ccc(c2c1nsn2)c1ccc(cc1)N(c1ccc(cc1)OCCCCCC)c1ccc(cc1)OCCCCCC)CC,4.56
69,N#CC(=Cc1ccc(s1)C#CC1=C2CCC3N2[Zn@@]24n5c1ccc5C(=C1N2C(CC1)C(=c1n4c(=C3c2cc(cc(c2)C(C)(C)C)C(C)(C)C)cc1)C#Cc1ccc(s1)C=C(C#N)C#N)c1cc(cc(c1)C(C)(C)C)C(C)(C)C)C#N,5.24
70,CCCCCCCCN1C(=S)[S]=C(C1=O)[CH]c1cc(c(s1)c1ccc(s1)c1sc(cc1CCCCCCCC)c1sc2c(c1)c(c1ccc(s1)C[C@H](CCCC)CC)c1c(c2c2ccc(s2)C[C@H](CCCC)CC)cc(s1)c1cc(c(s1)c1ccc(s1)c1sc(cc1CCCCCCCC)[CH]C1=[S]C(=S)N(C1=O)C[C@@H](CCCC)CC)CCCCCCCC)CCCCCCCC,6.76
71,CCCCCCCCN1C(=O)S/C(=C\c2cc(c(s2)c2ccc(s2)c2sc(cc2CCCCCCCC)c2sc3c(c2)c(c2ccc(s2)C[C@H](CCCC)CC)c2c(c3c3ccc(s3)C[C@H](CCCC)CC)cc(s2)c2cc(c(s2)c2ccc(s2)c2sc(cc2CCCCCCCC)[CH]C2=[S]C(=O)N(C2=O)C[C@@H](CCCC)CC)CCCCCCCC)CCCCCCCC)/C1=O,5.25
72,CCCCCCC1(CCCCCC)c2cc(sc2c2c1cc(s2)[CH]C1=[S]C(=S)N(C1=O)CC)c1sc2c(c1)c(OC[C@H](CCCC)CC)c1c(c2OC[C@H](CCCC)CC)cc(s1)c1sc2c(c1)C(c1c2sc(c1)/C=C/1\SC(=S)N(C1=O)CC)(CCCCCC)CCCCCC,6.07
73,CCCC[C@@H](COc1c2sc(cc2c(c2c1cc(s2)c1cc2c(s1)c1c(C2(CCCCCC)CCCCCC)cc(s1)C=C(C#N)C#N)OC[C@H](CCCC)CC)c1cc2c(s1)c1c(C2(CCCCCC)CCCCCC)cc(s1)C=C(C#N)C#N)CC,5.98
10,CCCC[C@H](C[Si]1(C[C@H](CCCC)CC)c2cc(sc2c2c1cc(s2)c1c(F)cc(c2c1nsn2)c1ccc(s1)c1ccc(s1)CCCCCC)c1c(F)cc(c2c1nsn2)c1ccc(s1)c1ccc(s1)CCCCCC)CC,3.47
10,CCCC[C@H](C[Si]1(C[C@H](CCCC)CC)c2cc(sc2c2c1cc(s2)c1c(F)cc(c2c1nsn2)c1ccc(s1)c1ccc(s1)CCCCCC)c1c(F)cc(c2c1nsn2)c1ccc(s1)c1ccc(s1)CCCCCC)CC,3.58
74,CCCCCC[C@@H](Cn1c(c2ccc(s2)c2ccc(s2)/C=C/c2ccc(s2)c2ccc(s2)c2n(C[C@H](CCCCCC)CCCC)c(=O)c3c2c(=O)n(c3c2cccs2)C[C@H](CCCCCC)CCCC)c2c(c1=O)c(n(c2=O)C[C@H](CCCCCC)CCCC)c1cccs1)CCCC,1.31
75,CCCCCC[C@@H](Cn1c(c2ccc(s2)c2sc3c(c2)ccc2c3ccc3c2sc(c3)c2ccc(s2)c2n(C[C@H](CCCCCC)CCCC)c(=O)c3c2c(=O)n(c3c2cccs2)C[C@H](CCCCCC)CCCC)c2c(c1=O)c(n(c2=O)C[C@H](CCCCCC)CCCC)c1cccs1)CCCC,2.75
76,CCCCCCCCOc1ccc(cc1)C1=C2CCC3N2[Zn@]24n5c1ccc5C(=C1N2C(CC1)C(=c1n4c(=C3C#Cc2ccc(s2)c2n(C[C@@H](CCCC)CC)c(=O)c3c2c(=O)n(c3c2ccc(s2)C)C[C@@H](CCCC)CC)cc1)c1ccc(cc1)OCCCCCCCC)C#Cc1ccc(s1)c1n(C[C@@H](CCCC)CC)c(=O)c2c1c(=O)n(c2c1ccc(s1)C)C[C@@H](CCCC)CC,6.5
77,CCCC[C@H](Cn1c2cc(ccc2c2c1cc(cc2)c1cc(c(s1)c1ccc(s1)c1sc(cc1CCCCCCCC)C=C1C(=O)N(CC)C(=S)N(C1=O)CC)CCCCCCCC)c1cc(c(s1)c1ccc(s1)c1sc(cc1CCCCCCCC)C=C1C(=O)N(CC)C(=S)N(C1=O)CC)CCCCCCCC)CC,4.89
78,CCCCCCc1ccc(s1)c1ccc(s1)c1c(F)c(F)c(c2c1nsn2)c1ccc(s1)C1=[S]c2c(C1)c(c1ccc(s1)C[C@@H](CCCC)CC)c1c(c2c2ccc(s2)C[C@H](CCCC)CC)cc(s1)c1ccc(s1)c1c(F)c(F)c(c2c1nsn2)c1ccc(s1)c1ccc(s1)CCCCCC,1.71
78,CCCCCCc1ccc(s1)c1ccc(s1)c1c(F)c(F)c(c2c1nsn2)c1ccc(s1)C1=[S]c2c(C1)c(c1ccc(s1)C[C@@H](CCCC)CC)c1c(c2c2ccc(s2)C[C@H](CCCC)CC)cc(s1)c1ccc(s1)c1c(F)c(F)c(c2c1nsn2)c1ccc(s1)c1ccc(s1)CCCCCC,1.26
79,CCCCCCc1ccc(s1)c1ccc(s1)c1ccc(c2c1nsn2)c1ccc(s1)C1=[S]c2c(C1)c(c1ccc(s1)C[C@@H](CCCC)CC)c1c(c2c2ccc(s2)C[C@H](CCCC)CC)cc(s1)c1ccc(s1)c1ccc(c2c1nsn2)c1ccc(s1)c1ccc(s1)CCCCCC,0.97
79,CCCCCCc1ccc(s1)c1ccc(s1)c1ccc(c2c1nsn2)c1ccc(s1)C1=[S]c2c(C1)c(c1ccc(s1)C[C@@H](CCCC)CC)c1c(c2c2ccc(s2)C[C@H](CCCC)CC)cc(s1)c1ccc(s1)c1ccc(c2c1nsn2)c1ccc(s1)c1ccc(s1)CCCCCC,1.21
81,CCCCCCCCC1(CCCCCCCC)c2cc(sc2c2c1cc(s2)c1ccc(s1)c1ccc(s1)C(=C(C#N)C#N)CCCCCC)c1ccc(s1)c1ccc(s1)C(=C(C#N)C#N)CCCCCC,2
82,CCCCCCCC[Si]1(CCCCCCCC)c2cc(sc2c2c1cc(s2)c1ccc(s1)c1ccc(s1)C(=C(C#N)C#N)CCCCCC)c1ccc(s1)c1ccc(s1)C(=C(C#N)C#N)CCCCCC,2.03
83,CCCCCCCC[Si]1(CCCCCCCC)c2cc(sc2c2c1cc(s2)c1ccc(s1)c1ccc(s1)c1ccc(s1)C(=C(C#N)C#N)CCCCCC)c1ccc(s1)c1ccc(s1)c1ccc(s1)C(=C(C#N)C#N)CCCCCC,1.98
10,CCCC[C@H](C[Si]1(C[C@H](CCCC)CC)c2cc(sc2c2c1cc(s2)c1c(F)cc(c2c1nsn2)c1ccc(s1)c1ccc(s1)CCCCCC)c1c(F)cc(c2c1nsn2)c1ccc(s1)c1ccc(s1)CCCCCC)CC,0.5
10,CCCC[C@H](C[Si]1(C[C@H](CCCC)CC)c2cc(sc2c2c1cc(s2)c1c(F)cc(c2c1nsn2)c1ccc(s1)c1ccc(s1)CCCCCC)c1c(F)cc(c2c1nsn2)c1ccc(s1)c1ccc(s1)CCCCCC)CC,0.38
10,CCCC[C@H](C[Si]1(C[C@H](CCCC)CC)c2cc(sc2c2c1cc(s2)c1c(F)cc(c2c1nsn2)c1ccc(s1)c1ccc(s1)CCCCCC)c1c(F)cc(c2c1nsn2)c1ccc(s1)c1ccc(s1)CCCCCC)CC,0.46
10,CCCC[C@H](C[Si]1(C[C@H](CCCC)CC)c2cc(sc2c2c1cc(s2)c1c(F)cc(c2c1nsn2)c1ccc(s1)c1ccc(s1)CCCCCC)c1c(F)cc(c2c1nsn2)c1ccc(s1)c1ccc(s1)CCCCCC)CC,1.24
84,CCCC[C@H](CN1c2ccc(cc2Sc2c1cccc2)/C=C/c1c(CC)c(c2n1[B](F)(F)n1c([C]2c2ccc(cc2)N(=O)=O)c(c(c1/C=C/c1ccc2c(c1)Sc1c(N2C[C@H](CCCC)CC)cccc1)CC)C)C)CC,1.33
85,CCCCCCCC[C@H](Cn1nc2c(n1)c(c1ccc(s1)c1cc3c(s1)c(c1ccc(s1)C[C@H](CCCC)CC)c1c(c3c3ccc(s3)C[C@H](CCCC)CC)sc(c1)c1ccc(s1)c1c(F)c(F)c(c3c1nn(n3)C[C@@H](CCCCCCCC)CCCCCC)c1ccc(s1)/C=C(/C(=O)OC[C@@H](CCCC)CC)\C#N)c(c(c2c1ccc(s1)/C=C(/C(=O)OC[C@H](CCCC)CC)\C#N)F)F)CCCCCC,9.73
86,CCCC[C@H](CN(c1cccc2c1cccc2)c1cc(O)c(c(c1)O)C1=C(O)C(=C1O)c1c(O)cc(cc1O)N(c1cccc2c1cccc2)C[C@H](CCCC)CC)CC,4.33
87,CCCC[C@H](C[C](c1ccc2c(c1)C(C)(C)c1c2cccc1)c1cc(O)c(c(c1)O)[C]1C(=C(C1=O)c1c(O)cc(cc1O)N(c1ccc2c(c1)C(C)(C)c1c2cccc1)C[C@H](CCCC)CC)O)CC,2.84
88,CCCC[C@@H](Cn1c(c2ccc(s2)C#Cc2c3ccccc3c(c3c2cccc3)C#Cc2ccc(s2)c2n(C[C@H](CCCC)CC)c(=O)c3c2c(=O)n(c3c2cccs2)C[C@H](CCCC)CC)c2c(c1=O)c(n(c2=O)C[C@H](CCCC)CC)c1cccs1)CC,5.26
89,CCCCCCCC[C@H](Cn1c2cc(sc2c2c1cc(cc2)c1ccc(s1)c1cc2c(s1)c(c1ccc(s1)C[C@H](CCCC)CC)c1c(c2c2ccc(s2)C[C@H](CCCC)CC)sc(c1)c1ccc(s1)c1ccc2c(c1)n(C[C@@H](CCCCCCCC)CCCCCC)c1c2sc(c1)c1ccc(s1)[CH]C1=[S]C(=S)N(C1=O)CC)c1ccc(s1)[CH]C1=[S]C(=S)N(C1=O)CC)CCCCCC,3.44
90,N#CC(=Cc1ccc(s1)c1ccc2c(c1)[C@@H]1CCC[C@@H]1N2c1ccc(cc1)C)C#N,3.34
91,N#CC(=Cc1ccc(s1)c1ccc(s1)c1ccc2c(c1)[C@@H]1CCC[C@@H]1N2c1ccc(cc1)C)C#N,1.72
92,CCCCCCC1(CCCCCC)c2cc(sc2c2c1cc(s2)c1ccc2c(c1)[C@@H]1CCC[C@H]1N2c1ccc(cc1)C)C=C(C#N)C#N,0.85
93,N#CC(=Cc1ccc(s1)c1ccc(c2c1nsn2)c1ccc2c(c1)[C@@H]1CCC[C@@H]1N2c1ccc(cc1)C)C#N,2.45
94,CCCCCCc1c(/C=C/c2sc(c3c2OCCO3)/C=C/c2sc(c(c2CCCCCC)CCCCCC)C=C(C#N)C#N)sc(c1CCCCCC)C=C(C#N)C#N,3.7
95,CCCCCCc1c(/C=C/c2sc(c3c2OCCO3)/C=C/c2sc(c(c2CCCCCC)CCCCCC)/C=C/c2sc(c(c2CCCCCC)CCCCCC)C=C(C#N)C#N)sc(c1CCCCCC)/C=C/c1sc(c(c1CCCCCC)CCCCCC)C=C(C#N)C#N,1.5
96,CCCCCCc1c(/C=C/c2sc(c3c2OCCO3)/C=C/c2sc(c(c2CCCCCC)CCCCCC)/C=C/c2sc(c(c2CCCCCC)CCCCCC)/C=C/c2sc(c(c2CCCCCC)CCCCCC)C=C(C#N)C#N)sc(c1CCCCCC)/C=C\c1sc(c(c1CCCCCC)CCCCCC)/C=C/c1sc(c(c1CCCCCC)CCCCCC)C=C(C#N)C#N,0.8
98,CCCCCCc1c([CH]C2=[S]C(=S)N(C2=O)CC)sc(c1CCCCCC)/C=C/c1sc(c2c1OCCO2)/C=C/c1sc(c(c1CCCCCC)CCCCCC)/C=C\1/SC(=S)N(C1=O)CC,1.5
99,CCCCCCc1cc(sc1/C=C/c1sc(c2c1OCCO2)/C=C/c1sc(cc1CCCCCC)/C=C\1/SC(=S)N(C1=O)CC)/C=C/1\SC(=S)N(C1=O)CC,4.9
100,CCCCCCc1ccc(s1)c1csc(c1)c1cc(F)c(c2c1nsn2)c1sc2c(c1)[Ge@](c1c2sc(c1)c1c(F)cc(c2c1nsn2)c1ccc(s1)c1ccc(s1)CCCCCC)(C[C@H](CCCC)CC)C[C@H](CCCC)CC,6.2
101,CCCCCCc1ccc(s1)c1ccc(s1)c1ccc(o1)c1nc2c(s1)nc(s2)c1ccc(o1)c1ccc(s1)c1ccc(s1)CCCCCC,1.94
102,CCCCCCc1ccc(s1)c1ccc(s1)c1ccc(cc1)/C(=C(/c1ccc(cc1)c1ccc(s1)c1ccc(s1)CCCCCC)\C#N)/C#N,2.69
103,CCCC[C@@H](C[C@]1(C[C@H](CCCC)CC)c2cc(sc2c2c1cc(s2)c1cc(c(s1)c1ccc(s1)c1sc(cc1CCCCCCCC)[CH]C1=[S]C(=S)N(C1=O)CC)CCCCCCCC)c1cc(c(s1)c1ccc(s1)c1sc(cc1CCCCCCCC)[CH]C1=[S]C(=S)N(C1=O)CC)CCCCCCCC)CC,0.71
104,CCCCCCCCc1cc(sc1c1ccc(s1)c1sc(cc1CCCCCCCC)[CH]C1=[S]C(=S)N(C1=O)CC)c1sc2c(c1)[Si@](c1c2sc(c1)c1sc(c(c1)CCCCCCCC)c1ccc(s1)c1sc(cc1CCCCCCCC)/C=C\1/SC(=S)N(C1=O)CC)(C[C@H](CCCC)CC)C[C@H](CCCC)CC,7.8
105,CCCCCCc1cc(sc1c1ccc(s1)c1cc(cc(c1)c1ccc(s1)c1sc(cc1CCCCCC)c1sc(cc1CCCCCC)c1ccc2c(c1)N(C[C@@H](CCCC)CC)C(=O)/C/2=C\1/C(=O)N(c2c1cc(F)cc2)C[C@@H](CCCC)CC)c1ccc(s1)c1sc(cc1CCCCCC)c1sc(cc1CCCCCC)c1ccc2c(c1)N(C[C@@H](CCCC)CC)C(=O)/C/2=C\1/C(=O)N(c2c1cc(F)cc2)C[C@@H](CCCC)CC)c1sc(cc1CCCCCC)c1ccc2c(c1)N(C[C@@H](CCCC)CC)C(=O)/C/2=C\1/C(=O)N(c2c1ccc(c2)F)C[C@@H](CCCC)CC,0.55
106,CCCCCCc1cc(sc1c1ccc(s1)c1sc(cc1CCCCCC)c1sc(cc1CCCCCC)c1ccc2c(c1)N(C[C@@H](CCCC)CC)C(=O)/C/2=C/1\c2cc(F)ccc2N(C1=O)C[C@@H](CCCC)CC)c1sc(cc1CCCCCC)c1ccc2c(c1)N(C[C@@H](CCCC)CC)C(=O)/C/2=C/1\c2cc(F)ccc2N(C1=O)C[C@@H](CCCC)CC,1.73
107,CCCCCCCCN1c2ccc(cc2C([C@@H]1[CH]C1=C(O)[C](C1=O)c1ccc(n1C)c1ccc(s1)c1ccc(cc1)N(c1ccc2c(c1)C(C)(C)c1c2cccc1)c1ccc2c(c1)C(C)(C)c1c2cccc1)(C)C)c1ccc(s1)/C=C(/C(=O)OCCCCCC)\C#N,5.25
108,c1ccc(cc1)N(c1ccccc1)c1ccc(cc1)/N=C/c1ccc(s1)c1ccc(c2c1nsn2)c1ccc(s1)/C=N/c1ccc(cc1)N(c1ccccc1)c1ccccc1,1.19
111,N#C/C(=C\c1ccc(cc1)N(c1ccccc1)c1ccccc1)/c1ccc(cc1)/C(=C/c1ccc(cc1)N(c1ccccc1)c1ccccc1)/C#N,1.23
112,Cc1cc(C)c(c(c1)C)/C/1=C/2\C=CC(=N2)/C(=c\2/cc/c(=C(/C3=N/C(=C(\c4[nH]c1cc4)/c1ccc(cc1)Nc1nc(nc(n1)Nc1ccc(cc1)[C]1c4c(C)cc(n4[B](n4c1c(C)cc4C)(F)F)C)Nc1ccc(cc1)[C]1c4c(C)cc(n4[B](n4c1c(C)cc4C)(F)F)C)/C=C3)\c1c(C)cc(cc1C)C)/[nH]2)/c1ccc(cc1)C(=O)O,5.29
113,CCCC[C@H](Cn1c(c2ccc(s2)c2ccc(cc2)c2nc(nc(n2)c2ccc(cc2)c2ccc(s2)c2n(C[C@@H](CCCC)CC)c(=O)c3c2c(=O)n(c3c2ccc(s2)c2ccc(cc2)N(c2ccc(cc2)C(C)(C)C)c2ccc(cc2)C(C)(C)C)C[C@@H](CCCC)CC)c2ccc(cc2)c2ccc(s2)c2n(C[C@@H](CCCC)CC)c(=O)c3c2c(=O)n(c3c2ccc(s2)c2ccc(cc2)N(c2ccc(cc2)C(C)(C)C)c2ccc(cc2)C(C)(C)C)C[C@@H](CCCC)CC)c2c(c1=O)c(n(c2=O)C[C@H](CCCC)CC)c1ccc(s1)c1ccc(cc1)N(c1ccc(cc1)C(C)(C)C)c1ccc(cc1)C(C)(C)C)CC,1.08
113,CCCC[C@H](Cn1c(c2ccc(s2)c2ccc(cc2)c2nc(nc(n2)c2ccc(cc2)c2ccc(s2)c2n(C[C@@H](CCCC)CC)c(=O)c3c2c(=O)n(c3c2ccc(s2)c2ccc(cc2)N(c2ccc(cc2)C(C)(C)C)c2ccc(cc2)C(C)(C)C)C[C@@H](CCCC)CC)c2ccc(cc2)c2ccc(s2)c2n(C[C@@H](CCCC)CC)c(=O)c3c2c(=O)n(c3c2ccc(s2)c2ccc(cc2)N(c2ccc(cc2)C(C)(C)C)c2ccc(cc2)C(C)(C)C)C[C@@H](CCCC)CC)c2c(c1=O)c(n(c2=O)C[C@H](CCCC)CC)c1ccc(s1)c1ccc(cc1)N(c1ccc(cc1)C(C)(C)C)c1ccc(cc1)C(C)(C)C)CC,1.57
114,CCCCCCn1c(=O)c2c(c1c1ccc(cc1)c1nc(nc(n1)c1ccc(cc1)c1ccc(cc1)c1n(CCCCCC)c(=O)c3c1c(=O)n(c3c1ccc(cc1)c1ccc(cc1)N(c1ccc(cc1)C(C)(C)C)c1ccc(cc1)C(C)(C)C)CCCCCC)c1ccc(cc1)c1ccc(cc1)c1n(CCCCCC)c(=O)c3c1c(=O)n(c3c1ccc(cc1)c1ccc(cc1)N(c1ccc(cc1)C(C)(C)C)c1ccc(cc1)C(C)(C)C)CCCCCC)c(=O)n(c2c1ccc(cc1)c1ccc(cc1)N(c1ccc(cc1)C(C)(C)C)c1ccc(cc1)C(C)(C)C)CCCCCC,0.79
114,CCCCCCn1c(=O)c2c(c1c1ccc(cc1)c1nc(nc(n1)c1ccc(cc1)c1ccc(cc1)c1n(CCCCCC)c(=O)c3c1c(=O)n(c3c1ccc(cc1)c1ccc(cc1)N(c1ccc(cc1)C(C)(C)C)c1ccc(cc1)C(C)(C)C)CCCCCC)c1ccc(cc1)c1ccc(cc1)c1n(CCCCCC)c(=O)c3c1c(=O)n(c3c1ccc(cc1)c1ccc(cc1)N(c1ccc(cc1)C(C)(C)C)c1ccc(cc1)C(C)(C)C)CCCCCC)c(=O)n(c2c1ccc(cc1)c1ccc(cc1)N(c1ccc(cc1)C(C)(C)C)c1ccc(cc1)C(C)(C)C)CCCCCC,1.14
115,CCCCCCn1c(=O)c2c(c1c1ccc(cc1)c1nc(nc(n1)c1ccc(cc1)c1ccc(cc1)c1n(CCCCCC)c(=O)c3c1c(=O)n(c3c1ccc(cc1)c1ccc(cc1)n1c3ccc(cc3c3c1ccc(c3)C(C)(C)C)C(C)(C)C)CCCCCC)c1ccc(cc1)c1ccc(cc1)c1n(CCCCCC)c(=O)c3c1c(=O)n(c3c1ccc(cc1)c1ccc(cc1)n1c3ccc(cc3c3c1ccc(c3)C(C)(C)C)C(C)(C)C)CCCCCC)c(=O)n(c2c1ccc(cc1)c1ccc(cc1)n1c2ccc(cc2c2c1ccc(c2)C(C)(C)C)C(C)(C)C)CCCCCC,0.24
115,CCCCCCn1c(=O)c2c(c1c1ccc(cc1)c1nc(nc(n1)c1ccc(cc1)c1ccc(cc1)c1n(CCCCCC)c(=O)c3c1c(=O)n(c3c1ccc(cc1)c1ccc(cc1)n1c3ccc(cc3c3c1ccc(c3)C(C)(C)C)C(C)(C)C)CCCCCC)c1ccc(cc1)c1ccc(cc1)c1n(CCCCCC)c(=O)c3c1c(=O)n(c3c1ccc(cc1)c1ccc(cc1)n1c3ccc(cc3c3c1ccc(c3)C(C)(C)C)C(C)(C)C)CCCCCC)c(=O)n(c2c1ccc(cc1)c1ccc(cc1)n1c2ccc(cc2c2c1ccc(c2)C(C)(C)C)C(C)(C)C)CCCCCC,0.39
116,CCCC[C@H](Cc1ccc(s1)c1c2cc(sc2c(c2c1sc(c2)c1ccc(s1)c1ccc(s1)c1n(C[C@H](CCCC)CC)c(=O)c2c1c(=O)n(c2c1ccc(s1)c1ccc(cc1)N(c1ccccc1)c1ccccc1)C[C@H](CCCC)CC)c1ccc(s1)C[C@H](CCCC)CC)c1ccc(s1)c1ccc(s1)c1n(C[C@@H](CCCC)CC)c(=O)c2c1c(=O)n(c2c1ccc(s1)c1ccc(cc1)N(c1ccccc1)c1ccccc1)C[C@@H](CCCC)CC)CC,5.61
117,CCCC[C@H](Cc1ccc(s1)c1c2cc(sc2c(c2c1sc(c2)c1ccc(s1)c1ccc(s1)c1n(C[C@H](CCCC)CC)c(=O)c2c1c(=O)n(c2c1ccc(s1)c1ccc(cc1)CCCC)C[C@H](CCCC)CC)c1ccc(s1)C[C@H](CCCC)CC)c1ccc(s1)c1ccc(s1)c1n(C[C@@H](CCCC)CC)c(=O)c2c1c(=O)n(c2c1ccc(s1)c1ccc(cc1)CCCC)C[C@@H](CCCC)CC)CC,3.09
118,CCCCCCCCOC(=O)/C(=C/c1ccc(s1)c1sc(cc1c1ccc(s1)/C=C(/C(=O)OCCCCCCCC)\C#N)c1sc(cc1CCCCCC)c1sc(cc1CCCCCC)c1ccc(c2c1nsn2)c1sc(c(c1)CCCCCC)c1sc(c(c1)CCCCCC)c1sc(c(c1)c1ccc(s1)/C=C(/C(=O)OCCCCCCCC)\C#N)c1ccc(s1)/C=C(/C(=O)OCCCCCCCC)\C#N)/C#N,0.85
120,CCCCCCCCOC(=O)/C(=C/c1ccc(s1)c1sc(cc1c1ccc(s1)/C=C(/C(=O)OCCCCCCCC)\C#N)c1sc(cc1CCCCCC)c1sc(cc1CCCCCC)c1ccc2c(c1)N(C[C@H](CCCC)CC)C(=O)/C/2=C\1/C(=O)N(c2c1ccc(c2)c1sc(c(c1)CCCCCC)c1sc(c(c1)CCCCCC)c1sc(c(c1)c1ccc(s1)/C=C(/C(=O)OCCCCCCCC)\C#N)c1ccc(s1)/C=C(/C(=O)OCCCCCCCC)\C#N)C[C@H](CCCC)CC)/C#N,0.8
121,CCCC[C@@H](CN1C(=O)/C(=C/2\c3ccc(cc3N(C2=O)C[C@H](CCCC)CC)c2cc(c(s2)c2cc(c(s2)c2ccc(s2)/C=C(/C(=O)OCCCCCCCC)\C#N)CCCCCC)CCCCCC)/c2c1cc(cc2)c1cc(c(s1)c1cc(c(s1)c1ccc(s1)/C=C(/C(=O)OCCCCCCCC)\C#N)CCCCCC)CCCCCC)CC,0.69
122,CCCC[C@H](Cn1c(=O)c2c(c1c1ccc(s1)c1cc3c(s1)c1c([C@@]3(C[C@H](CCCC)CC)C[C@H](CCCC)CC)cc3c(c1)[C@](C[C@@H](CCCC)CC)(C[C@@H](CCCC)CC)c1c3sc(c1)c1c(F)c(F)c(c3c1nsn3)c1ccc(s1)c1ccc(s1)CCCCCC)c(=O)n(c2c1ccc(s1)c1cc2c(s1)c1c([C@@]2(C[C@H](CCCC)CC)C[C@H](CCCC)CC)cc2c(c1)[C@](C[C@@H](CCCC)CC)(C[C@@H](CCCC)CC)c1c2sc(c1)c1c(F)c(F)c(c2c1nsn2)c1ccc(s1)c1ccc(s1)CCCCCC)C[C@H](CCCC)CC)CC,5.21
123,CCCC[C@H](Cn1c(=O)c2c(c1c1ccc(s1)c1cc3c(s1)c1c([C@@]3(C[C@H](CCCC)CC)C[C@H](CCCC)CC)cc3c(c1)[C@](C[C@@H](CCCC)CC)(C[C@@H](CCCC)CC)c1c3sc(c1)c1ccc(s1)c1c(F)c(F)c(c3c1nsn3)c1ccc(s1)c1ccc(s1)CCCCCC)c(=O)n(c2c1ccc(s1)c1cc2c(s1)c1c([C@@]2(C[C@H](CCCC)CC)C[C@H](CCCC)CC)cc2c(c1)[C@](C[C@@H](CCCC)CC)(C[C@@H](CCCC)CC)c1c2sc(c1)c1ccc(s1)c1c(F)c(F)c(c2c1nsn2)c1ccc(s1)c1ccc(s1)CCCCCC)C[C@H](CCCC)CC)CC,4.83
125,CCCC[C@H](C[C@]1(C[C@@H](CCCC)CC)c2cc3c4sc(cc4[C@@](c3cc2c2c1cc(s2)c1c(F)c(F)c(c2c1nsn2)c1ccc(s1)c1ccc(s1)CCCCCC)(C[C@H](CCCC)CC)C[C@H](CCCC)CC)c1c(F)c(F)c(c2c1nsn2)c1ccc(s1)c1ccc(s1)CCCCCC)CC,3.1
126,CCCC[C@H](C[C@]1(C[C@@H](CCCC)CC)c2cc3c4sc(cc4[C@@](c3cc2c2c1cc(s2)c1ccc(s1)c1c(F)c(F)c(c2c1nsn2)c1ccc(s1)c1ccc(s1)CCCCCC)(C[C@H](CCCC)CC)C[C@H](CCCC)CC)c1ccc(s1)c1c(F)c(F)c(c2c1nsn2)c1ccc(s1)c1ccc(s1)CCCCCC)CC,6.5
127,CCCC[C@H](C[C@]1(C[C@@H](CCCC)CC)c2cc3c4sc(cc4[C@@](c3cc2c2c1cc(s2)c1ccc(c2c1nsn2)c1ccc(s1)c1ccc(s1)CCCCCC)(C[C@H](CCCC)CC)C[C@H](CCCC)CC)c1ccc(c2c1nsn2)c1ccc(s1)c1ccc(s1)CCCCCC)CC,2.5
128,CCCCCCc1ccc(s1)c1ccc(s1)c1ccc(s1)[C@H]1C2=C(O)N([C@@H](C2=C(N1C[C@@H](CCCC)CC)O)c1ccc(s1)c1ccc(cc1)N(c1ccc(cc1)c1ccc(s1)[C@@H]1N(C[C@@H](CCCC)CC)C(=C2C1=C(O)N([C@H]2c1ccc(s1)c1ccc(s1)c1ccc(s1)CCCCCC)C[C@@H](CCCC)CC)O)c1ccc(cc1)[C@H](CC)C)C[C@@H](CCCC)CC,3.58
129,CCCCCCCCc1cc(sc1c1ccc(s1)c1sc(cc1CCCCCCCC)[CH]C1=[S]C(=S)N(C1=O)CC)c1sc(c2c1cc(s2)C(=O)[C@H](CCCC)CC)c1sc(c(c1)CCCCCCCC)c1ccc(s1)c1sc(cc1CCCCCCCC)[CH]C1=[S]C(=O)N(C1=S)CC,3.19
130,CCCC[C@H](CN1c2ccc(cc2Sc2c1ccc(c2)C=C1C(=O)c2c(C1=O)cccc2)c1ccc(cc1)N(c1ccccc1)c1ccccc1)CC,6.23
130,CCCC[C@H](CN1c2ccc(cc2Sc2c1ccc(c2)C=C1C(=O)c2c(C1=O)cccc2)c1ccc(cc1)N(c1ccccc1)c1ccccc1)CC,8.67
130,CCCC[C@H](CN1c2ccc(cc2Sc2c1ccc(c2)C=C1C(=O)c2c(C1=O)cccc2)c1ccc(cc1)N(c1ccccc1)c1ccccc1)CC,7.12
131,CCCC[C@H](CN(c1ccccc1)c1cc(O)c(c(c1)O)[C]1[C@]2([C@]1([C]2c1c(O)cc(cc1O)N(c1ccccc1)C[C@H](CCCC)CC)O)O)CC,5.42
132,CCCCCCCCc1cc(sc1c1ccc(s1)c1sc(cc1CCCCCCCC)/C=C\1/C(=NN(C1=O)c1ccccc1)C)c1sc(c2c1cc(s2)C(=O)[C@H](CCCC)CC)c1cc(c(s1)c1ccc(s1)c1sc(cc1CCCCCCCC)/C=C\1/C(=NN(C1=O)c1ccccc1)C)CCCCCCCC,1.48
133,CCCCCCCCOc1ccc(cc1)c1ccc(cc1)N1N=C(/C(=C/c2sc(c(c2)CCCCCCCC)c2ccc(s2)c2sc(cc2CCCCCCCC)c2sc(c3c2cc(s3)C(=O)[C@H](CCCC)CC)c2sc(c(c2)CCCCCCCC)c2ccc(s2)c2sc(cc2CCCCCCCC)/C=C\2/C(=NN(C2=O)c2ccc(cc2)c2ccc(cc2)OCCCCCCCC)C)/C1=O)C,1.21
134,CCCCN1c2ccc3c(c2C(/C/1=C\[C]1C(=O)[C](C1=O)c1c(O)cc(cc1O)N1CCc2c1cccc2)(C)C)cccc3,3.84
135,CCCCN1c2ccc3c(c2C(/C/1=C\[C]1C(=O)[C](C1=O)c1c(O)cc(cc1O)N1CCc2c1cc(F)cc2)(C)C)cccc3,4.34
136,CCCCN1c2ccc3c(c2C(/C/1=C\[C]1C(=O)[C](C1=O)c1c(O)cc(cc1O)N1CCc2c1cc(F)cc2F)(C)C)cccc3,4.87
137,CCCCN1c2cc3ccccc3cc2C([C@@H]1/C=C\1/C(=C(C1=O)c1c(O)cc(cc1O)N(c1ccc(cc1)C)c1ccc(cc1)C)O)(C)C,3.53
138,CCCCN1c2cc3ccccc3cc2C([C@@H]1/C=C\1/C(=C(C1=O)c1c(O)cc(cc1O)N(c1ccc(cc1)c1ccccc1)c1ccc(cc1)c1ccccc1)O)(C)C,3.69
139,CCCCN1c2cc3ccccc3cc2C([C@@H]1/C=C\1/C(=C(C1=O)c1c(O)cc(cc1O)N(c1ccc(cc1)c1cccc2c1cccc2)c1ccccc1)O)(C)C,3.31
141,CCCCN1c2cc3ccccc3cc2C([C@@H]1/C=C\1/C(=C(C1=O)c1c(O)cc(cc1O)N(c1ccc2c(c1)C(CC)(CC)c1c2cccc1)c1ccc2c(c1)c1ccccc1C2(CC)CC)O)(C)C,3.53
142,CCCCN1c2cc3ccccc3cc2C([C@@H]1/C=C\1/C(=C(C1=O)c1c(O)cc(cc1O)N(c1ccc2c(c1)c1ccccc1n2CC)c1ccc2c(c1)n(CC)c1c2cccc1)O)(C)C,3.08
143,CCCC[C@@H](Cc1ccc(s1)c1c2sc(cc2c(c2c1cc(s2)c1cc(c(s1)C=C(C#N)C#N)CCCCCC)c1ccc(s1)C[C@H](CCCC)CC)c1cc(c(s1)C=C(C#N)C#N)CCCCCC)CC,3.9
144,CCCC[C@H](Cn1c(=O)c2c(c1c1ccc(s1)c1cc3c(s1)c1c([C@@]3(C[C@H](CCCC)CC)C[C@H](CCCC)CC)cc3c(c1)[C@](C[C@@H](CCCC)CC)(C[C@@H](CCCC)CC)c1c3sc(c1)c1ccc(c3c1nsn3)c1ccc(s1)c1ccc(s1)CCCCCC)c(=O)n(c2c1ccc(s1)c1cc2c(s1)c1c([C@@]2(C[C@H](CCCC)CC)C[C@H](CCCC)CC)cc2c(c1)[C@](C[C@@H](CCCC)CC)(C[C@@H](CCCC)CC)c1c2sc(c1)c1ccc(c2c1nsn2)c1ccc(s1)c1ccc(s1)CCCCCC)C[C@H](CCCC)CC)CC,1.8
145,CCCC[C@H](CN1c2ccc(cc2Sc2c1cccc2)/C=C/c1c(CC)c(c2n1[B](F)(F)n1c([C]2c2ccc(cc2)N(c2ccccc2)c2ccccc2)c(c(c1/C=C/c1ccc2c(c1)Sc1c(N2C[C@H](CCCC)CC)cccc1)CC)C)C)CC,1.14
146,CCCCCCc1cc(sc1C#Cc1ccc(cc1)C#Cc1sc(cc1CCCCCC)c1ccc(c2c1nsn2)c1ccc(cc1)N(c1ccc(cc1)C)c1ccc(cc1)C)c1ccc(c2c1nsn2)c1ccc(cc1)N(c1ccc(cc1)C)c1ccc(cc1)C,2.87
147,CCCCCCCCCCCCC1(CCCCCCCCCCCC)c2cc(sc2c2c1cc(s2)C#Cc1sc(cc1CCCCCC)c1ccc(c2c1nsn2)c1ccc(cc1)N(c1ccc(cc1)C)c1ccc(cc1)C)C#Cc1sc(cc1CCCCCC)c1ccc(c2c1nsn2)c1ccc(cc1)N(c1ccc(cc1)C)c1ccc(cc1)C,2.98
148,CCCCCCc1cc(sc1C#Cc1ccc(cc1)N(c1ccc(cc1)C#Cc1sc(cc1CCCCCC)c1ccc(c2c1nsn2)c1ccc(cc1)N(c1ccc(cc1)C)c1ccc(cc1)C)c1ccc(cc1)C)c1ccc(c2c1nsn2)c1ccc(cc1)N(c1ccc(cc1)C)c1ccc(cc1)C,2.51
149,CCCCCCc1cc(sc1C#Cc1ccc(cc1)C#Cc1sc(cc1CCCCCC)c1ccc(c2c1nsn2)c1ccc(s1)c1ccc(cc1)N(c1ccc(cc1)C)c1ccc(cc1)C)c1ccc(c2c1nsn2)c1ccc(s1)c1ccc(cc1)N(c1ccc(cc1)C)c1ccc(cc1)C,2.36
150,CCCCCCCCn1c(=O)c2ccc(c3c2c(c1=O)ccc3)c1ccc(s1)c1ccc(cc1)N(c1ccc(cc1)c1ccc(s1)c1ccc2c3c1cccc3c(=O)n(c2=O)CCCCCCCC)c1ccc(cc1)c1ccc(s1)c1ccc2c3c1cccc3c(=O)n(c2=O)CCCCCCCC,1.04
151,CCCCCCCCn1c(=O)c2ccc(c3c2c(c1=O)ccc3)c1ccc(s1)c1ccc(s1)c1ccc(cc1)N(c1ccc(cc1)c1ccc(s1)c1ccc(s1)c1ccc2c3c1cccc3c(=O)n(c2=O)CCCCCCCC)c1ccc(cc1)c1ccc(s1)c1ccc(s1)c1ccc2c3c1cccc3c(=O)n(c2=O)CCCCCCCC,1.54
153,CCCC[C@@H](CN1c2ccc(cc2Sc2c1cccc2)[C]1c2c(C)c(c(n2[B](n2c1c(C)c(c2/C=C/c1ccc(cc1)N(c1ccccc1)c1ccccc1)CC)(F)F)/C=C/c1ccc(cc1)N(c1ccccc1)c1ccccc1)CC)CC,1.56
154,CCCCCCCCc1cc(sc1c1ccc(s1)c1cc(c(s1)c1sc(cc1CCCCCCCC)c1sc(cc1CCCCCCCC)/C=C\1/SC(=S)N(C1=O)CC)CCCCCCCC)c1sc(cc1CCCCCCCC)c1sc(cc1CCCCCCCC)/C=C\1/SC(=S)N(C1=O)CC,4.25
155,CCCCCCCCc1cc(sc1c1sc2c(c1)sc(c2)c1sc(c(c1)CCCCCCCC)c1sc(cc1CCCCCCCC)c1sc(cc1CCCCCCCC)/C=C\1/SC(N(C1=O)CC)[C](C#N)C#N)c1sc(cc1CCCCCCCC)c1sc(cc1CCCCCCCC)[CH]C1SC(=C(C#N)C#N)N(C1=O)CC,7.91
156,CCCC[C@@H](Cc1ccc(s1)c1c2cc(sc2c(c2c1sc(c2)c1sc(cc1CCCCCC)c1c(F)c(F)c(c2c1nsn2)c1sc(c(c1)CCCCCC)c1ccc(s1)C[C@@H](CCCC)CC)c1ccc(s1)C[C@H](CCCC)CC)c1sc(cc1CCCCCC)c1c(F)c(F)c(c2c1nsn2)c1sc(c(c1)CCCCCC)c1ccc(s1)C[C@H](CCCC)CC)CC,5.55
157,CCCC[C@@H](Cc1ccc(s1)c1c2cc(sc2c(c2c1sc(c2)c1sc(cc1CCCCCC)c1c(F)c(F)c(c2c1nsn2)c1sc(c(c1)CCCCCC)/C=C(/C(=O)OC[C@@H](CCCC)CC)\C#N)c1ccc(s1)C[C@H](CCCC)CC)c1sc(cc1CCCCCC)c1c(F)c(F)c(c2c1nsn2)c1sc(c(c1)CCCCCC)/C=C(/C(=O)OC[C@H](CCCC)CC)\C#N)CC,3.54
158,CCCCCCCCCCCCc1cc(sc1c1ccc(cc1)N(c1ccccc1)c1ccccc1)c1ccc(cc1)N(c1ccc(cc1)C)c1ccc(cc1)c1ccc(c2c1nsn2)c1ccc(cc1)N(c1ccc(cc1)c1sc(c(c1)CCCCCCCCCCCC)c1ccc(cc1)N(c1ccccc1)c1ccccc1)c1ccc(cc1)C,0.5
159,CCCCCCCCCCCCc1cc(sc1c1ccc(cc1)N(c1ccccc1)c1ccccc1)c1ccc(cc1)N(c1ccc(cc1)c1cc(c(s1)c1ccc(cc1)N(c1ccccc1)c1ccccc1)CCCCCCCCCCCC)c1ccc(cc1)c1ccc(c2c1nsn2)c1ccc(cc1)N(c1ccc(cc1)c1cc(c(s1)c1ccc(cc1)N(c1ccccc1)c1ccccc1)CCCCCCCCCCCC)c1ccc(cc1)c1cc(c(s1)c1ccc(cc1)N(c1ccccc1)c1ccccc1)CCCCCCCCCCCC,0.7
160,CCCCCCCCCCCCCCCc1c(sc2c1sc1c2sc2c1sc(c2CCCCCCCCCCCCCCC)c1ccc(s1)c1n(C[C@H](CCCC)CC)c(=O)c2c1c(=O)n(c2c1cccs1)C[C@@H](CCCC)CC)c1ccc(s1)c1n(CC[C@@H](CCCC)CC)c(=O)c2c1c(=O)n(c2c1cccs1)C[C@@H](CCCC)CC,2.05
161,CCCCCCCCCCCCc1c(sc2c1sc1c2sc2c1sc(c2CCCCCCCCCCCCCCC)c1ccc(s1)[C]1N(C[C@@H](CCCC)CC)C(=O)c2c1c(OC[C@@H](CCCC)CC)nc2c1cccs1)c1ccc(s1)[C]1N(C[C@@H](CCCC)CC)C(=O)c2c1c(OC[C@@H](CCCC)CC)nc2c1cccs1,0.42
162,CCCCCCCC[C@@H](Cc1ccc(s1)c1ccc(s1)c1c2sc(cc2c(c2c1cc(s2)c1cc(c(s1)c1ccc(s1)c1sc(cc1CCCCCCCC)/C=C/1\SC(=S)N(C1=O)CC)CCCCCCCC)c1ccc(s1)c1ccc(s1)C[C@H](CCCCCCCC)CCCCCC)c1cc(c(s1)c1ccc(s1)c1sc(cc1CCCCCCCC)[CH]C1=[S]C(=S)N(C1=O)CC)CCCCCCCC)CCCCCC,8.01
163,CCCCCCCCc1cc(sc1c1sc2c(c1)[S]=C(C2)c1sc(cc1CCCCCCCC)/C=C/1\SC(=S)N(C1=O)CC)c1cc2c(s1)c(c1sc(c(c1)CCCCCC)C[C@@H](CCCC)CC)c1c(c2c2sc(c(c2)CCCCCC)C[C@@H](CCCC)CC)sc(c1)c1sc(c(c1)CCCCCCCC)c1cc2c(s1)cc(s2)c1sc(cc1CCCCCCCC)[CH]C1=[S]C(=S)N(C1=O)CC,2.8
164,CCCCCCCCc1cc(sc1c1ccc(s1)c1sc(cc1CCCCCCCC)[CH]C1=[S]C(=S)N(C1=O)CC)c1sc2c(c1)c(c1ccc(s1)[C@H](CCCCC)CC)c1c(c2c2ccc(s2)[C@H](CCCCC)CC)cc(s1)c1cc2c(s1)c(c1ccc(s1)[C@H](CCCCC)CC)c1c(c2c2ccc(s2)[C@H](CCCCC)CC)sc(c1)c1sc(c(c1)CCCCCCCC)c1ccc(s1)c1sc(cc1CCCCCCCC)/C=C/1\SC(=S)N(C1=O)CC,8.56
165,CCCCCCCCc1cc(sc1c1ccc(s1)c1sc(cc1CCCCCCCC)[CH]C1=[S]C(=S)N(C1=O)CC)c1cc2c(s1)c(c1ccc(s1)[C@H](CCCCC)CC)c1c(c2c2ccc(s2)[C@H](CCCCC)CC)sc(c1)c1sc2c(c1)c(c1ccc(s1)[C@H](CCCCC)CC)c1c(c2c2ccc(s2)[C@H](CCCCC)CC)cc(s1)c1sc2c(c1)c(c1ccc(s1)[C@H](CCCCC)CC)c1c(c2c2ccc(s2)[C@H](CCCCC)CC)cc(s1)c1cc(c(s1)c1ccc(s1)c1sc(cc1CCCCCCCC)/C=C/1\SC(=S)N(C1=O)CC)CCCCCCCC,7.14
165,CCCCCCCCc1cc(sc1c1ccc(s1)c1sc(cc1CCCCCCCC)[CH]C1=[S]C(=S)N(C1=O)CC)c1cc2c(s1)c(c1ccc(s1)[C@H](CCCCC)CC)c1c(c2c2ccc(s2)[C@H](CCCCC)CC)sc(c1)c1sc2c(c1)c(c1ccc(s1)[C@H](CCCCC)CC)c1c(c2c2ccc(s2)[C@H](CCCCC)CC)cc(s1)c1sc2c(c1)c(c1ccc(s1)[C@H](CCCCC)CC)c1c(c2c2ccc(s2)[C@H](CCCCC)CC)cc(s1)c1cc(c(s1)c1ccc(s1)c1sc(cc1CCCCCCCC)/C=C/1\SC(=S)N(C1=O)CC)CCCCCCCC,6.96
166,CCCCCCn1c2cc(ccc2c2c1c1c(c3c2n(CCCCCC)c2c3cccc2)n(c2c1cccc2)CCCCCC)c1cnc(s1)c1n(C[C@H](CCCC)CC)c(=O)c2c1c(=O)n(c2c1ncc(s1)c1ccc2c(c1)n(CCCCCC)c1c2c2n(CCCCCC)c3c(c2c2c1c1ccccc1n2CCCCCC)cccc3)C[C@H](CCCC)CC,2.5
167,CCCCCCn1c2cc(ccc2c2c1c1c(c3c2n(CCCCCC)c2c3cccc2)n(c2c1cccc2)CCCCCC)c1ccc(s1)c1n(C[C@H](CCCC)CC)c(=O)c2c1c(=O)n(c2c1ccc(s1)c1ccc2c(c1)n(CCCCCC)c1c2c2n(CCCCCC)c3c(c2c2c1c1ccccc1n2CCCCCC)cccc3)C[C@H](CCCC)CC,5.21
168,CCCC[C@H](Cc1ccc(s1)c1c2cc(sc2c(c2c1sc(c2)c1cc2c(s1)c1c(n2C[C@@H](CCCC)CC)CC(=[S]1)/C=C/1\SC(=S)N(C1=O)CCCC)c1ccc(s1)C[C@@H](CCCC)CC)c1cc2c(s1)c1c(n2C[C@@H](CCCC)CC)cc(s1)[CH]C1=[S]C(=S)N(C1=O)CCCC)CC,5.9
169,CCCC[C@H](Cn1c2CC(=[S]c2c2c1cc(s2)c1cc2c(s1)c1c(n2C[C@@H](CCCC)CC)cc(s1)/C=C/1\SC(=S)N(C1=O)CCCC)c1cc2c(s1)c1c(n2C[C@@H](CCCC)CC)cc(s1)/C=C/1\SC(=S)N(C1=O)CCCC)CC,4.88
170,CCCC[C@H](Cn1c2c(c3c1cc(s3)c1ccc(c3c1nsn3)C=C(C#N)C#N)sc1c2cccc1)CC,7.2
171,CCCC[C@H](Cn1c2c(c3c1sc(c3)c1ccc(c3c1nsn3)C=C(C#N)C#N)sc1c2cccc1)CC,6.1
172,CCCC[C@H](Cn1c2c(c3c1CC(=[S]3)c1ncc(cn1)C=C(C#N)C#N)sc1c2cccc1)CC,5.1
173,CC([C]1C=CC(=C2C(=C1)C(=C[C@@H]2[C]1C(=O)[C](C1=O)[C@@H]1C(=C[C@H](C=C1O)n1c2CCCc2c2c1ccc1c2cccc1)O)C)C)C,2.09
174,CC([C]1C=CC(=C2C(=C1)C(=C[C@@H]2[C]1C(=O)[C](C1=O)[C@@H]1C=C(C2=C[C](C=CC(=C12)C)C(C)C)C)C)C)C,0.36
175,N#CC(=Cc1cnc(nc1)c1cc2c(s1)c1c(C2(C)C)cc(cc1)N(c1ccc(cc1)C)c1ccc(cc1)C)C#N,4.06
176,CCCC[C@@H](Cn1c2cc(sc2c2c1c1c(s2)c2c(n1C[C@H](CCCC)CC)cc(s2)C=C(C#N)C#N)C=C(C#N)C#N)CC,2.99
177,CCCC[C@@H](Cn1c2c3sc4c(c3sc2c2c1cc(s2)C=C(C#N)C#N)n(c1c4sc(c1)C=C(C#N)C#N)C[C@H](CCCC)CC)CC,1.66
178,CCCC[C@H](Cc1ccc(s1)c1c2cc(sc2c(c2c1sc(c2)c1sc(c2c1cc(s2)C(=O)C[C@H](CCCC)CC)c1ccc(s1)CCCCCCCC)c1ccc(s1)C[C@@H](CCCC)CC)c1sc(c2c1cc(s2)C(=O)C[C@H](CCCC)CC)c1ccc(s1)CCCCCCCC)CC,1.11
180,CCCC[C@H](Cc1ccc(s1)c1c2sc(cc2c(c2c1cc(s2)c1sc(c2c1cc(s2)C(=O)C[C@H](CCCC)CC)c1ccc(s1)c1ccc(s1)CCCCCCCC)c1ccc(s1)C[C@@H](CCCC)CC)c1sc(c2c1cc(s2)C(=O)C[C@H](CCCC)CC)c1ccc(s1)c1ccc(s1)CCCCCCCC)CC,5.2
181,CCCCCC[C@H](Cn1c(=O)c2cc3c(cc2c2c1cc(s2)c1ccc(s1)c1n(C[C@@H](CCCC)CC)c(=O)c2c1c(=O)n(c2c1cccs1)C[C@@H](CCCC)CC)c(=O)n(c1c3sc(c1)c1ccc(s1)c1n(C[C@@H](CCCC)CC)c(=O)c2c1c(=O)n(c2c1cccs1)C[C@H](CCCC)CC)C[C@H](CCCCCC)CCCC)CCCC,4.8
181,CCCCCC[C@H](Cn1c(=O)c2cc3c(cc2c2c1cc(s2)c1ccc(s1)c1n(C[C@@H](CCCC)CC)c(=O)c2c1c(=O)n(c2c1cccs1)C[C@@H](CCCC)CC)c(=O)n(c1c3sc(c1)c1ccc(s1)c1n(C[C@@H](CCCC)CC)c(=O)c2c1c(=O)n(c2c1cccs1)C[C@H](CCCC)CC)C[C@H](CCCCCC)CCCC)CCCC,2.4
181,CCCCCC[C@H](Cn1c(=O)c2cc3c(cc2c2c1cc(s2)c1ccc(s1)c1n(C[C@@H](CCCC)CC)c(=O)c2c1c(=O)n(c2c1cccs1)C[C@@H](CCCC)CC)c(=O)n(c1c3sc(c1)c1ccc(s1)c1n(C[C@@H](CCCC)CC)c(=O)c2c1c(=O)n(c2c1cccs1)C[C@H](CCCC)CC)C[C@H](CCCCCC)CCCC)CCCC,3.5
182,CCCCn1c(=O)c2ccc(c3c2c(c1=O)ccc3)C#Cc1ccc(c2c1nsn2)C#Cc1ccc(cc1)N(c1ccccc1)c1ccccc1,6.67
183,N#CC(=C(c1ccc(c2c1nsn2)C#Cc1cccnc1)C(=C(C#N)C#N)c1ccc(cc1)N(c1ccccc1)c1ccccc1)C#N,5.36
184,N#C[C](c1ccc(cc1)[C](C(=C(C#N)C#N)c1ccc(c2c1nsn2)C#Cc1cccnc1)c1ccc(cc1)N(c1ccccc1)c1ccccc1)C#N,6.02
187,CCCC[C@H](Cc1ccc(s1)c1c2cc(sc2c(c2c1sc(c2)c1ccc(s1)c1n(C[C@H](CCCC)CC)c(=O)c2c1c(=O)n(c2c1ccc(s1)c1ccc(s1)CCCCCC)C[C@H](CCCC)CC)c1ccc(s1)C[C@@H](CCCC)CC)c1ccc(s1)c1n(C[C@H](CCCC)CC)c(=O)c2c1c(=O)n(c2c1ccc(s1)c1ccc(s1)CCCCCC)C[C@H](CCCC)CC)CC,2.36
188,CCCCCCCCOc1cc(OCCCCCCCC)cc(c1)C1=C2CCC3N2[Zn@]24n5c1ccc5C(=C1N2C(CC1)C(=c1n4c(=C3)cc1)c1cc(OCCCCCCCC)cc(c1)OCCCCCCCC)C#CC1=c2ccc3=C(C4N5[Zn@@]6(N7C1CCC7=C(c1cc(OCCCCCCCC)cc(c1)OCCCCCCCC)c1n6c(C=C5CC4)cc1)n23)c1cc(OCCCCCCCC)cc(c1)OCCCCCCCC,1.15
191,CCCCCCCCOC(=O)/C(=C/c1ccc(s1)c1ccc(s1)c1n(C[C@H](CCCCC)CC)c(=O)c2c1c(=O)n(c2c1ccc(s1)c1sc2c(c1)c(c1ccc(s1)C[C@H](CCCC)CC)c1c(c2c2ccc(s2)C[C@H](CCCC)CC)ccs1)C[C@H](CCCC)CC)/C#N,3.48
192,CCCCCCCCOC(=O)/C(=C/c1ccc(s1)c1ccc(s1)c1n(C[C@H](CCCCC)CC)c(=O)c2c1c(=O)n(c2c1ccc(s1)c1sc2c(c1)c(c1ccc(s1)C[C@H](CCCC)CC)c1c(c2c2ccc(s2)C[C@H](CCCC)CC)cc(s1)c1cccs1)C[C@H](CCCC)CC)/C#N,3.01
193,CCCCCCCCOC(=O)/C(=C/c1ccc(s1)c1ccc(s1)c1c2c(=O)n(c(c2c(=O)n1C[C@H](CCCCC)CC)c1ccc(s1)c1sc2c(c1)c(c1ccc(s1)C[C@H](CCCC)CC)c1c(c2c2ccc(s2)C[C@H](CCCC)CC)cc(s1)c1ccc(s1)c1ccc(s1)CCCCCC)C[C@H](CCCC)CC)/C#N,2.45
194,CCCCCCCCOC(=O)/C(=C/c1ccc(s1)c1ccc(s1)c1n(C[C@H](CCCCC)CC)c(=O)c2c1c(=O)n(c2c1ccc(s1)c1cc2c(s1)c(c1ccc(s1)C[C@H](CCCC)CC)c1c(c2c2ccc(s2)C[C@H](CCCC)CC)sc(c1)c1ccc(s1)/C=C(\C(=O)OCCCCCCCC)/C#N)C[C@H](CCCC)CC)/C#N,0.83
195,CCCCCCCCOc1cc(c(cc1/C(=C/c1ccc(s1)c1ccc(cc1)N(c1ccccc1)c1ccccc1)/C#N)OCCCCCCCC)/C(=C/c1ccc(s1)c1ccc(cc1)N(c1ccccc1)c1ccccc1)/C#N,0.94
196,CCCC[C@@H](Cn1c(=O)c2c(c1c1ccc(s1)c1cc3c(o1)cccc3)c(=O)n(c2c1ccc(s1)c1cc2c(o1)cccc2)C[C@H](CCCC)CC)CC,4.62
197,CCCC[C@H](Cc1ccc(s1)c1c2cc(sc2c(c2c1sc(c2)c1ccc(s1)c1n(C[C@H](CCCC)CC)c(=O)c2c1c(=O)n(c2c1ccc(s1)c1ccc(cc1)OC)C[C@H](CCCC)CC)c1ccc(s1)C[C@@H](CCCC)CC)c1ccc(s1)c1n(C[C@H](CCCC)CC)c(=O)c2c1c(=O)n(c2c1ccc(s1)c1ccc(cc1)OC)C[C@H](CCCC)CC)CC,5.89
198,CCCC[C@H](Cc1ccc(s1)c1c2cc(sc2c(c2c1sc(c2)c1ccc(s1)c1n(C[C@H](CCCC)CC)c(=O)c2c1c(=O)n(c2c1ccc(s1)c1ccc(cc1)n1c2ccccc2c2c1cccc2)C[C@H](CCCC)CC)c1ccc(s1)C[C@@H](CCCC)CC)c1ccc(s1)c1n(C[C@H](CCCC)CC)c(=O)c2c1c(=O)n(c2c1ccc(s1)c1ccc(cc1)n1c2ccccc2c2c1cccc2)C[C@H](CCCC)CC)CC,6.26
199,CCCCCCCCc1cc(sc1c1cc(c(s1)c1sc(cc1F)c1sc(cc1CCCCCCCC)c1sc(cc1CCCCCCCC)[CH]C1SC(=C(C#N)C#N)N(C1=O)CC)F)c1sc(cc1CCCCCCCC)[CH]C1SC(=C(C#N)C#N)N(C1=O)CC,2.26
200,CCCCCCCCc1cc(sc1c1cc(c(s1)c1sc(cc1F)c1sc(cc1CCCCCCCC)c1sc(cc1CCCCCCCC)c1sc(cc1CCCCCCCC)[CH]C1SC(=C(C#N)C#N)N(C1=O)CC)F)c1sc(cc1CCCCCCCC)c1sc(cc1CCCCCCCC)[CH]C1SC(=C(C#N)C#N)N(C1=O)CC,5.07
201,CCCC[C@H](COc1c2cc(sc2c(c2c1sc(c2)C#Cc1ccc(s1)c1n([C@@H](CCCCC)CC)c(=O)c2c1c(=O)n(c2c1cccs1)C[C@H](CCCC)CC)OC[C@H](CCCC)CC)C#Cc1ccc(s1)c1n([C@@H](CCCCC)CC)c(=O)c2c1c(=O)n(c2c1cccs1)C[C@H](CCCC)CC)CC,4.19
202,CCCC[C@H](Cc1ccc(s1)c1c2cc(sc2c(c2c1sc(c2)C#Cc1ccc(s1)c1n([C@@H](CCCCC)CC)c(=O)c2c1c(=O)n(c2c1cccs1)C[C@H](CCCC)CC)c1ccc(s1)C[C@H](CCCC)CC)C#Cc1ccc(s1)c1n([C@@H](CCCCC)CC)c(=O)c2c1c(=O)n(c2c1cccs1)C[C@H](CCCC)CC)CC,7.12
203,CCCC[C@@H](C[Si]1(C[C@H](CCCC)CC)c2cc(sc2c2c1cc(s2)c1cc(F)c(c2c1nn(n2)CCCCCC)c1ccc(s1)c1ccc(s1)CCCCCC)c1cc(F)c(c2c1nn(n2)CCCCCC)c1ccc(s1)c1ccc(s1)CCCCCC)CC,6.01
205,CCCCCCCCOc1cccc(c1)c1nc2c(ccc(c2nc1c1cccc(c1)OCCCCCCCC)c1ccc(s1)c1ccc(s1)CCCCCC)c1sc2c(c1)[Si](c1c2sc(c1)c1ccc(c2c1nc(c1cccc(c1)OCCCCCCCC)c(n2)c1cccc(c1)OCCCCCCCC)c1ccc(s1)c1ccc(s1)CCCCCC)(C[C@H](CCCC)CC)C[C@H](CCCC)CC,6.3
206,CCCC[C@H](CSc1c2sc(cc2c(c2c1cc(s2)c1cc(c(s1)c1ccc(s1)c1sc(cc1CCCCCCCC)[CH]C1=[S]C(=S)N(C1=O)CC)CCCCCCCC)SC[C@H](CCCC)CC)c1cc(c(s1)c1ccc(s1)c1sc(cc1CCCCCCCC)[CH]C1=[S]C(=S)N(C1=O)CC)CCCCCCCC)CC,5.82
207,CCCC[C@H](COC(=O)c1cc(sc1c1ccc(s1)c1ccc(s1)c1n(C[C@H](CCCC)CC)c(=O)c2c1c(=O)n(c2c1ccc(s1)c1ccccc1)C[C@H](CCCC)CC)c1ccc(s1)c1ccc(s1)c1n(C[C@H](CCCC)CC)c(=O)c2c1c(=O)n(c2c1ccc(s1)c1ccccc1)C[C@@H](CCCC)CC)CC,3.29
209,CCCC[C@@H](COC(=O)c1sc2c(c1F)c(sc2c1ccc(s1)c1ccc(s1)c1n(C[C@H](CCCC)CC)c(=O)c2c1c(=O)n(c2c1ccc(s1)c1ccccc1)C[C@H](CCCC)CC)c1ccc(s1)c1ccc(s1)c1n(C[C@H](CCCC)CC)c(=O)c2c1c(=O)n(c2c1ccc(s1)c1ccccc1)C[C@@H](CCCC)CC)CC,2.69
211,CCCCCCc1cc(sc1c1sc2c(n1)sc(n2)c1sc(cc1CCCCCC)c1ccc(cc1)N(c1ccccc1)c1ccccc1)c1cc(F)c(c2c1nc(c1ccccc1)c(n2)c1ccccc1)c1cc(c(s1)c1sc2c(n1)sc(n2)c1sc(cc1CCCCCC)c1ccc(cc1)N(c1ccccc1)c1ccccc1)CCCCCC,2.68
10,CCCC[C@H](C[Si]1(C[C@H](CCCC)CC)c2cc(sc2c2c1cc(s2)c1c(F)cc(c2c1nsn2)c1ccc(s1)c1ccc(s1)CCCCCC)c1c(F)cc(c2c1nsn2)c1ccc(s1)c1ccc(s1)CCCCCC)CC,3.24
10,CCCC[C@H](C[Si]1(C[C@H](CCCC)CC)c2cc(sc2c2c1cc(s2)c1c(F)cc(c2c1nsn2)c1ccc(s1)c1ccc(s1)CCCCCC)c1c(F)cc(c2c1nsn2)c1ccc(s1)c1ccc(s1)CCCCCC)CC,6.4
213,CCCC[C@@H]([Si@]1(C[C@H](CCCC)CC)c2cc(sc2c2c1cc(s2)c1sc2c(c1)[Si@](c1c2sc(c1)c1c(F)c(F)cc2c1csc2)(C[C@@H](CCCC)CC)C[C@H](CCCC)CC)c1sc2c(c1)[Si@](c1c2sc(c1)c1c(F)c(F)cc2c1csc2)(C[C@H](CCCC)CC)C[C@@H](CCCC)CC)CC,1.87
214,CCCC[C@@H]([Si@]1(C[C@H](CCCC)CC)c2cc(sc2c2c1cc(s2)c1sc2c(c1)[Si@](c1c2sc(c1)c1cc(F)cc2c1csc2)(C[C@@H](CCCC)CC)C[C@H](CCCC)CC)c1sc2c(c1)[Si@](c1c2sc(c1)c1cc(F)cc2c1csc2)(C[C@H](CCCC)CC)C[C@@H](CCCC)CC)CC,1.16
215,CCCC[C@@H]([Si@]1(C[C@H](CCCC)CC)c2cc(sc2c2c1cc(s2)c1sc2c(c1)[Si@](c1c2sc(c1)/C=C/1\SC(=S)N(C1=O)CC)(C[C@@H](CCCC)CC)C[C@H](CCCC)CC)c1sc2c(c1)[Si@](c1c2sc(c1)/C=C/1\SC(=S)N(C1=O)CC)(C[C@H](CCCC)CC)C[C@@H](CCCC)CC)CC,7.43
217,CCCCCCCCOc1ccc(cc1)C1=C2CCC3N2[Zn@]24n5c1ccc5C(=C1N2C(CC1)C(=c1n4c(=C3C#Cc2ccc(o2)c2n(C[C@@H](CCCC)CC)c(=O)c3c2c(=O)n(c3c2ccco2)C[C@H](CCCC)CC)cc1)c1ccc(cc1)OCCCCCCCC)C#Cc1ccc(o1)c1n(C[C@@H](CCCC)CC)c(=O)c2c1c(=O)n(c2c1ccco1)C[C@@H](CCCC)CC,3.66
219,CCCCCCCCCc1cc(sc1c1ccc(s1)c1sc(cc1CCCCCCCC)c1sc(c2c1sc(c2F)C(=O)OC[C@@H](CCCC)CC)c1cc(c(s1)c1ccc(s1)c1sc(cc1CCCCCCCCC)/C=C/1\SC(=S)N(C1=O)CC)CCCCCCCC)/C=C/1\SC(=S)N(C1=O)CC,5.05
220,c1ccc(cc1)c1c2ccccc2c2n1[B]1(c3ccccc3c3c1cccc3)n1c([N]2)c2c(c1c1ccccc1)cccc2,1.6
222,Cc1ccc(s1)[C@@H]1c2ccccc2C2=Nc3n([B]4(N12)c1ccccc1c1c4cccc1)c(c1ccc(s1)C)c1c3cccc1,1.2
224,CCCCCCCCn1c(=O)c2c(c1c1ccc(s1)c1ccc(cc1)N(c1ccccc1)c1ccccc1)c(=O)n(c2c1ccc(s1)c1cc(F)cc(c1)F)CCCCCCCC,1.17
225,c1ccc(cc1)N(c1ccccc1)c1ccc(cc1)c1ccc(s1)c1ccc(c2c1nsn2)c1ccc(s1)c1ccc(cc1)N(c1ccccc1)c1ccccc1,1.85
226,CCCCCCCCn1c(=O)c2c(c1c1ccc(s1)c1ccc(cc1)N(c1ccccc1)c1ccccc1)c(=O)n(c2c1ccc(s1)c1ccc(cc1)N(c1ccccc1)c1ccccc1)CCCCCCCC,1.02
227,N#CC(=Cc1ccc(s1)c1ccc(s1)c1ccc(c(c1)OC)N(c1ccc(cc1OC)c1ccc(s1)c1ccc(s1)C=C(C#N)C#N)c1ccc(cc1OC)c1ccc(s1)c1ccc(s1)C=C(C#N)C#N)C#N,3.62
228,N#CC(=C(c1ccc(s1)c1ccc(s1)c1ccc(c(c1)OC)N(c1ccc(cc1OC)c1ccc(s1)c1ccc(s1)C(=C(C#N)C#N)C)c1ccc(cc1OC)c1ccc(s1)c1ccc(s1)C(=C(C#N)C#N)C)C)C#N,4.18
229,CCCCCCCCCC[C@@H](CSc1ccc(s1)c1c2sc3c(c2c(c2c1c1sc(cc1s2)c1sc2c(c1CCCCCC)sc(c2)c1sc(cc1CCCCCC)/C=C(/C(=O)OC[C@H](CCCC)CC)\C#N)c1ccc(s1)SC[C@H](CCCCCCCCCC)CCCCCCCC)sc(c3)c1sc2c(c1CCCCCC)sc(c2)c1sc(cc1CCCCCC)/C=C(/C(=O)OC[C@@H](CCCC)CC)\C#N)CCCCCCCC,5.94
229,CCCCCCCCCC[C@@H](CSc1ccc(s1)c1c2sc3c(c2c(c2c1c1sc(cc1s2)c1sc2c(c1CCCCCC)sc(c2)c1sc(cc1CCCCCC)/C=C(/C(=O)OC[C@H](CCCC)CC)\C#N)c1ccc(s1)SC[C@H](CCCCCCCCCC)CCCCCCCC)sc(c3)c1sc2c(c1CCCCCC)sc(c2)c1sc(cc1CCCCCC)/C=C(/C(=O)OC[C@@H](CCCC)CC)\C#N)CCCCCCCC,5.26
229,CCCCCCCCCC[C@@H](CSc1ccc(s1)c1c2sc3c(c2c(c2c1c1sc(cc1s2)c1sc2c(c1CCCCCC)sc(c2)c1sc(cc1CCCCCC)/C=C(/C(=O)OC[C@H](CCCC)CC)\C#N)c1ccc(s1)SC[C@H](CCCCCCCCCC)CCCCCCCC)sc(c3)c1sc2c(c1CCCCCC)sc(c2)c1sc(cc1CCCCCC)/C=C(/C(=O)OC[C@@H](CCCC)CC)\C#N)CCCCCCCC,3.89
230,CCCC[C@@H](CSc1sc(cc1F)c1c2cc(sc2c(c2c1sc(c2)c1sc(c(c1)CCCCCCCC)c1ccc(s1)c1sc(cc1CCCCCCCC)[CH]C1=[S]C(=S)N(C1=O)C[C@@H](CCCC)CC)c1sc(c(c1)F)SC[C@H](CCCC)CC)c1sc(c(c1)CCCCCCCC)c1ccc(s1)c1sc(cc1CCCCCCCC)[CH]C1=[S]C(=S)N(C1=O)C[C@@H](CCCC)CC)CC,11.02
231,CCC(=C(C#N)C#N)c1ccc(s1)c1ccc(s1)c1ccc(cc1)N(c1ccc(cc1)c1ccc(s1)c1ccc(s1)C(=C(C#N)C#N)CC)c1ccc(cc1)c1ccc(s1)c1ccc(s1)C(=C(C#N)C#N)CC,4.02
232,CCCCCCC[C@H](Cn1c2cc(sc2c2c1cc(s2)c1sc(cc1CCCCC)c1sc(cc1CCCCC)C=C(C#N)C#N)c1sc(cc1CCCCC)c1sc(cc1CCCCC)C=C(C#N)C#N)CCCCCC,5.06
235,CCCCCCCc1c(C#CC2=C3CCC4N3[Zn@@]35n6c2ccc6C(=C2N3C(CC2)C(=c2n5c(=C4c3c(C)cc(cc3C)C)cc2)C#Cc2sc(c(c2CCCCCCC)CCCCCC)/C=C/c2sc(c(c2CCCCCCC)CCCCC)[CH]C2=[S]C(=S)N(C2=O)CC)c2c(C)cc(cc2C)C)sc(c1CCCCCC)/C=C/c1sc(c(c1CCCCCCC)CCCCC)/C=C/1\SC(=S)N(C1=O)CC,3.91
236,CCCCCCSC1=C(SCCCCCC)S/C(=C\c2ccc(s2)c2ccc(s2)c2c3c(c(=O)n2C[C@@H](CCCC)CC)c(n(c3=O)C[C@H](CCCC)CC)c2ccc(s2)c2ccc(s2)[CH]C2=[S]C(=C(S2)SCCCCCC)SCCCCCC)/S1,3.5
206,CCCC[C@H](CSc1c2sc(cc2c(c2c1cc(s2)c1cc(c(s1)c1ccc(s1)c1sc(cc1CCCCCCCC)[CH]C1=[S]C(=S)N(C1=O)CC)CCCCCCCC)SC[C@H](CCCC)CC)c1cc(c(s1)c1ccc(s1)c1sc(cc1CCCCCCCC)[CH]C1=[S]C(=S)N(C1=O)CC)CCCCCCCC)CC,3.64
238,CCCCCCCCCCn1c(c2ccc(s2)C#Cc2ccc(cc2)n2c3ccccc3c3c2cccc3)c2c(c1=O)c(n(c2=O)CCCCCCCCCC)c1cccs1,4.65
239,CCCCCCCCCCn1c(=O)c2c(c1c1ccc(s1)C#Cc1ccc(cc1)n1c3ccccc3c3c1cccc3)c(=O)n(c2c1ccc(s1)C#Cc1ccc(cc1)n1c2ccccc2c2c1cccc2)CCCCCCCCCC,5.73
240,CCCCCCCCCCn1c(c2ccc(s2)/C=C/c2ccc(s2)c2n(CCCCCCCCCC)c(=O)c3c2c(=O)n(c3c2cccs2)CCCCCCCCCC)c2c(c1=O)c(n(c2=O)CCCCCCCCCC)c1cccs1,3.35
241,CCCCCCCCCCn1c(c2ccc(s2)C#Cc2ccc(s2)c2n(CCCCCCCCCC)c(=O)c3c2c(=O)n(c3c2cccs2)CCCCCCCCCC)c2c(c1=O)c(n(c2=O)CCCCCCCCCC)c1cccs1,2.95
242,CCCCCCCCc1cc(sc1c1ccc(s1)c1sc(cc1CCCCCCCC)[CH]C1=[S]C(=S)N(C1=O)CC)c1cc2c(o1)c(OC[C@H](CCCC)CC)c1c(c2OC[C@@H](CCCC)CC)sc(c1)c1sc(c(c1)CCCCCCCC)c1ccc(s1)c1sc(cc1CCCCCCCC)/C=C/1\SC(=S)N(C1=O)CC,5.45
243,CCCC[C@H](C[Si@]1(C[C@H](CCCC)CC)c2cc(sc2c2c1cc(s2)c1c(F)cc(c2c1nsn2)c1ccc(s1)c1ccc2c(c1)C(=O)N(C2=O)CCCCCCCC)c1c(F)cc(c2c1nsn2)c1ccc(s1)c1ccc2c(c1)C(=O)N(C2=O)CCCCCCCC)CC,0.49
244,CCCC[C@H](Cn1c2cc(sc2c2c1cc(s2)c1ccc(s1)C=C(C#N)C#N)c1ccc(s1)C=C(C#N)C#N)CC,2.6
245,CCCC[C@H](Cn1c2cc(sc2c2c1cc(s2)c1cc(c(s1)C=C(C#N)C#N)CCCCCC)c1cc(c(s1)C=C(C#N)C#N)CCCCCC)CC,3.1
246,CCCC[C@@H](Cn1c(c2ccc(s2)c2sc3c(c2)c(C#C[Si](C(C)C)(C(C)C)C(C)C)c2c(c3C#C[Si](C(C)C)(C(C)C)C(C)C)cc(s2)c2ccc(s2)c2n(C[C@H](CCCC)CC)c(=O)c3c2c(=O)n(c3c2cccs2)C[C@@H](CCCC)CC)c2c(c1=O)c(n(c2=O)C[C@@H](CCCC)CC)c1cccs1)CC,4.53
247,CCCCCCCCCCc1sc(cc1CCCCCCCCCC)c1c2sc3c(c2c(c2c1c1sc(cc1s2)c1cc(c(s1)c1ccc(s1)c1sc(cc1CCCCCCCC)[CH]C1=[S]C(=S)N(C1=O)CC)CCCCCCCC)c1cc(c(s1)CCCCCCCCCC)CCCCCCCCCC)sc(c3)c1cc(c(s1)c1ccc(s1)c1sc(cc1CCCCCCCC)/C=C/1\SC(=S)N(C1=O)CC)CCCCCCCC,1.58
248,c1ccc(cc1)c1c2ccccc2c(c2c1c(c1ccccc1)c1ccccc1c2c1ccccc1)c1ccccc1,1.2
10,CCCC[C@H](C[Si]1(C[C@H](CCCC)CC)c2cc(sc2c2c1cc(s2)c1c(F)cc(c2c1nsn2)c1ccc(s1)c1ccc(s1)CCCCCC)c1c(F)cc(c2c1nsn2)c1ccc(s1)c1ccc(s1)CCCCCC)CC,5.3
250,CCCC[C@H](Cn1c2cc(sc2c2c1c1c(s2)c2c(n1C[C@H](CCCC)CC)cc(s2)c1sc(cc1CCCCCC)c1sc(cc1CCCCCC)/C=C(/C(=O)OCCCCCC)\C#N)c1sc(cc1CCCCCC)c1sc(cc1CCCCCC)/C=C(/C(=O)OCCCCCC)\C#N)CC,4.24
251,CCCC[C@H](Cn1c2cc(sc2c2c1c1c(s2)c2c(n1C[C@H](CCCC)CC)cc(s2)c1sc(cc1CCCCCC)c1sc(cc1CCCCCC)C=C1C(=O)c2c(C1=O)cccc2)c1sc(cc1CCCCCC)c1sc(cc1CCCCCC)C=C1C(=O)c2c(C1=O)cccc2)CC,6.64
252,Cc1ccc(cc1)N(c1ccc(cc1)C)c1ccc(cc1)c1ccc(c2c1non2)N(=O)=O,5.1
254,Cc1ccc(cc1)N(c1ccc(s1)c1ccc(c2c1non2)N(=O)=O)c1ccc(cc1)C,5.02
255,CCCC[C@@H]([Ge@]1([C@H](CCCC)CC)c2cc(sc2c2c1cc(s2)c1ccc(s1)[C]1c2c(C)cc(n2[B](n2c1c(C)cc2/C=C/c1ccc(s1)[C@H](CCCC)CC)(F)F)/C=C/c1ccc(s1)[C@H](CCCC)CC)c1ccc(s1)[C]1c2c(C)cc(n2[B](n2c1c(C)cc2/C=C/c1ccc(s1)[C@H](CCCC)CC)(F)F)/C=C/c1ccc(s1)[C@H](CCCC)CC)CC,4.12
231,CCC(=C(C#N)C#N)c1ccc(s1)c1ccc(s1)c1ccc(cc1)N(c1ccc(cc1)c1ccc(s1)c1ccc(s1)C(=C(C#N)C#N)CC)c1ccc(cc1)c1ccc(s1)c1ccc(s1)C(=C(C#N)C#N)CC,4.01
256,CCCC[C@@H](C[C@]1(CCCCCCCC)c2cc(sc2c2c1cc(s2)c1c(F)cc(c2c1nsn2)c1sc(c(c1)CCCCCC)c1ccc(s1)CCCCCC)c1c(F)cc(c2c1nsn2)c1sc(c(c1)CCCCCC)c1ccc(s1)CCCCCC)CC,2.83
258,CCCCCCc1cc(sc1c1ccc(s1)CCCCCC)c1cc(F)c(c2c1nsn2)c1cc2c(s1)cc(s2)c1c(F)cc(c2c1nsn2)c1cc(c(s1)c1ccc(s1)CCCCCC)CCCCCC,2.63
260,CCCCCCCCN1C(=O)c2c(C1=O)c(sc2c1cc(c(s1)c1ccc(s1)c1sc(cc1CCCCCCCC)C=C(C#N)C#N)CCCCCCCC)c1cc(c(s1)c1ccc(s1)c1sc(cc1CCCCCCCC)C=C(C#N)C#N)CCCCCCCC,1.98
261,CCCCCCc1ccc(s1)c1ccc(s1)c1cc(F)c(c2c1nsn2)c1ccc(cc1)N(c1ccc(cc1)c1c(F)cc(c2c1nsn2)c1ccc(s1)c1ccc(s1)CCCCCC)c1ccc(cc1)c1ccc(s1)c1ccc(cc1)N(c1ccc(cc1)c1c(F)cc(c2c1nsn2)c1ccc(s1)c1ccc(s1)CCCCCC)c1ccc(cc1)c1c(F)cc(c2c1nsn2)c1ccc(s1)c1ccc(s1)CCCCCC,3.68
262,CCCCCCc1sc2c(c1)sc(c2)C1=C2CCC3N2[Zn@@]24n5c1ccc5C(=C1N2C(CC1)C(=c1n4c(=C3c2cc3c(s2)cc(s3)CCCCCC)cc1)c1cc2c(s1)cc(s2)CCCCCC)C#Cc1ccc(s1)c1n(C[C@@H](CCCC)CC)c(=O)c2c1c(=O)n(c2c1ccc(s1)C#CC1=C2CCC3N2[Zn@]24n5c1ccc5C(=C1N2C(CC1)C(=c1n4c(=C3c2cc3c(s2)cc(s3)CCCCCC)cc1)c1cc2c(s1)cc(s2)CCCCCC)c1cc2c(s1)cc(s2)CCCCCC)C[C@@H](CCCC)CC,7.97
263,CCCCCCCCN1C(=O)c2c(C1=O)c(sc2c1sc(cc1CCCCCCCC)c1ccc(s1)c1cc(c(s1)C=C(C#N)C#N)CCCCCCCC)c1sc(cc1CCCCCCCC)c1ccc(s1)c1cc(c(s1)C=C(C#N)C#N)CCCCCCCC,0.2
264,CCCCCCCCN1C(=O)c2c(C1=O)c(sc2c1sc(cc1CCCCCCCC)c1ccc(s1)c1cc(c(s1)/C=C(/C(=O)OCCCCCCCC)\C#N)CCCCCCCC)c1sc(cc1CCCCCCCC)c1ccc(s1)c1cc(c(s1)/C=C(/C(=O)OCCCCCCCC)\C#N)CCCCCCCC,0.35
267,CCCC[C@@H](C[C@]1(C[C@H](CCCC)CC)c2cc(sc2c2c1cc1c3sc(cc3[C@@](c1c2)(C[C@@H](CCCC)CC)C[C@@H](CCCC)CC)c1ccc(s1)c1c(F)c(F)c(c2c1nsn2)c1ccc(s1)c1ccc(s1)CCCCCC)c1ccc(s1)c1c(F)c(F)c(c2c1nsn2)c1ccc(s1)c1cc2c(s1)c1c([C@@]2(C[C@H](CCCC)CC)C[C@H](CCCC)CC)cc2c(c1)[C@](C[C@@H](CCCC)CC)(C[C@@H](CCCC)CC)c1c2sc(c1)c1ccc(s1)c1c(F)c(F)c(c2c1nsn2)c1ccc(s1)c1ccc(s1)CCCCCC)CC,7.63
268,CCCCCCCCCCCCc1ccc(s1)c1ccc(s1)c1c(F)c(F)c(c2c1nsn2)c1ccc(s1)c1ccc(s1)c1sc2c(c1)[C@@](c1c2cc2c(c1)c1c([C@@]2(C[C@@H](CCCC)CC)C[C@@H](CCCC)CC)cc(s1)c1ccc(s1)c1ccc(s1)c1c(F)c(F)c(c2c1nsn2)c1ccc(s1)c1ccc(s1)CCCCCCCCCCCC)(C[C@H](CCC)CC)C[C@H](CCCC)CC,4.97
269,CCCCCCCCCCCCc1ccc(s1)c1ccc(s1)c1c(F)c(F)c(c2c1nsn2)c1cc2c(s1)cc(s2)c1sc2c(c1)[C@](c1c2cc2c(c1)c1c([C@@]2(C[C@H](CCCC)CC)[C@@H](CCCC)CC)cc(s1)c1sc2c(c1)sc(c2)c1c(F)c(F)c(c2c1nsn2)c1ccc(s1)c1ccc(s1)CCCCCCCCCCCC)(C[C@@H](CCCC)CC)C[C@@H](CCCC)CC,7.57
270,CCCCCCc1ccc(s1)c1ccc(s1)c1c(F)c(F)c(c2c1nsn2)c1ccc(o1)c1sc2c(c1)[C@@](c1c2cc2c(c1)c1c([C@@]2(C[C@@H](CCCC)CC)C[C@@H](CCCC)CC)cc(s1)c1ccc(o1)c1c(F)c(F)c(c2c1nsn2)c1ccc(s1)c1ccc(s1)CCCCCC)(C[C@H](CCC)CC)C[C@H](CCCC)CC,5.34
271,CCCCCCc1ccc(s1)c1ccc(s1)c1c(F)c(F)c(c2c1nsn2)c1ccc([se]1)c1sc2c(c1)[C@@](c1c2cc2c(c1)c1c([C@@]2(C[C@@H](CCCC)CC)C[C@@H](CCCC)CC)cc(s1)c1ccc([se]1)c1c(F)c(F)c(c2c1nsn2)c1ccc(s1)c1ccc(s1)CCCCCC)(C[C@H](CCC)CC)C[C@H](CCCC)CC,5.07
272,CCCCCCCCC(n1c2cc(sc2c2c1cc(s2)c1c(F)c(F)c(c2c1nsn2)c1ccc(s1)c1ccc(s1)CCCCCC)c1c(F)c(F)c(c2c1nsn2)c1ccc(s1)c1ccc(s1)CCCCCC)CCCCCCCC,2.48
273,N#Cc1ccc(c2c1non2)c1ccc(s1)N(c1ccc(cc1)C)c1ccc(cc1)C,5.96
275,CCCCCCc1cc(sc1C[C@H](CCCC)CC)c1c2cc(sc2c(c2c1sc(c2)c1c(F)c(F)c(c2c1nc(CCCC)c(n2)CCCC)c1ccc(s1)c1ccc(s1)c1ccc(s1)CCCCCC)c1sc(c(c1)CCCCCC)C[C@@H](CCCC)CC)c1c(F)c(F)c(c2c1nc(CCCC)c(n2)CCCC)c1ccc(s1)c1ccc(s1)c1ccc(s1)CCCCCC,5.1
276,CCCCCCc1cc(sc1C[C@H](CCCC)CC)c1c2cc(sc2c(c2c1sc(c2)c1ccc(s1)c1c(F)c(F)c(c2c1nc(CCCC)c(n2)CCCC)c1ccc(s1)c1ccc(s1)CCCCCC)c1sc(c(c1)CCCCCC)C[C@@H](CCCC)CC)c1ccc(s1)c1c(F)c(F)c(c2c1nc(CCCC)c(n2)CCCC)c1ccc(s1)c1ccc(s1)CCCCCC,5.6
277,CCCCCCc1cc(sc1C[C@H](CCCC)CC)c1c2cc(sc2c(c2c1sc(c2)c1ccc(s1)c1ccc(s1)c1c(F)c(F)c(c2c1nc(CCCC)c(n2)CCCC)c1ccc(s1)CCCCCC)c1sc(c(c1)CCCCCC)C[C@@H](CCCC)CC)c1ccc(s1)c1ccc(s1)c1c(F)c(F)c(c2c1nc(CCCC)c(n2)CCCC)c1ccc(s1)CCCCCC,2
278,CCCC[C@H](COc1c2sc(cc2c(c2c1cc(s2)c1sc(cc1CCCCCC)c1sc(cc1CCCCCC)/C=C(/C(=O)OCCCCCCCC)\C#N)OC[C@@H](CCCC)CC)c1sc(cc1CCCCCC)c1sc(cc1CCCCCC)/C=C(/C(=O)OCCCCCCCC)\C#N)CC,2.69
278,CCCC[C@H](COc1c2sc(cc2c(c2c1cc(s2)c1sc(cc1CCCCCC)c1sc(cc1CCCCCC)/C=C(/C(=O)OCCCCCCCC)\C#N)OC[C@@H](CCCC)CC)c1sc(cc1CCCCCC)c1sc(cc1CCCCCC)/C=C(/C(=O)OCCCCCCCC)\C#N)CC,2.99
279,CCCC[C@H](COc1c2sc(cc2c(c2c1cc(s2)c1sc(cc1CCCCCC)c1sc(cc1CCCCCC)c1sc(cc1CCCCCC)/C=C(/C(=O)OCCCCCCCC)\C#N)OC[C@@H](CCCC)CC)c1sc(cc1CCCCCC)c1sc(cc1CCCCCC)c1sc(cc1CCCCCC)/C=C(/C(=O)OCCCCCCCC)\C#N)CC,3.14
279,CCCC[C@H](COc1c2sc(cc2c(c2c1cc(s2)c1sc(cc1CCCCCC)c1sc(cc1CCCCCC)c1sc(cc1CCCCCC)/C=C(/C(=O)OCCCCCCCC)\C#N)OC[C@@H](CCCC)CC)c1sc(cc1CCCCCC)c1sc(cc1CCCCCC)c1sc(cc1CCCCCC)/C=C(/C(=O)OCCCCCCCC)\C#N)CC,3.34
280,CCCC[C@H](COc1c2sc(cc2c(c2c1cc(s2)c1sc(cc1CCCCCC)c1sc(cc1CCCCCC)c1sc(cc1CCCCCC)c1sc(cc1CCCCCC)/C=C(/C(=O)OCCCCCCCC)\C#N)OC[C@@H](CCCC)CC)c1sc(cc1CCCCCC)c1sc(cc1CCCCCC)c1sc(cc1CCCCCC)c1sc(cc1CCCCCC)/C=C(/C(=O)OCCCCCCCC)\C#N)CC,4.99
281,CCCC[C@H](Cc1ccc(s1)c1c2sc(cc2c(c2c1cc(s2)c1cc(c(s1)c1sc2c(c1)sc(c2)c1sc(cc1CCCCCCCC)/C=C(/C(=O)OC[C@H](CCCC)CC)\C#N)CCCCCCCC)c1ccc(s1)C[C@H](CCCC)CC)c1cc(c(s1)c1sc2c(c1)sc(c2)c1sc(cc1CCCCCCCC)/C=C(/C(=O)OC[C@H](CCCC)CC)\C#N)CCCCCCCC)CC,5.2
282,CCCC[C@H](Cc1ccc(s1)c1c2cc(sc2c(c2c1sc(c2)c1sc(cc1CCCCCCCC)c1sc(cc1CCCCCCCC)c1cc2c(s1)cc(s2)/C=C(/C(=O)OC[C@H](CCCC)CC)\C#N)c1ccc(s1)C[C@H](CCCC)CC)c1sc(cc1CCCCCCCC)c1sc(cc1CCCCCCCC)c1cc2c(s1)cc(s2)/C=C(/C(=O)OC[C@H](CCCC)CC)\C#N)CC,7.72
284,N#Cc1ccc(c2c1non2)c1ccc(cc1)N(c1ccc(cc1)C)c1ccc(cc1)C,4.54
285,N#Cc1ccc(c2c1nsn2)c1ccc(s1)N(c1ccc(cc1)C)c1ccc(cc1)C,6.55
286,N#Cc1ccc(c2c1nsn2)c1ccc(cc1)N(c1ccc(cc1)C)c1ccc(cc1)C,4.4
287,CCCC[C@@H](Cn1c2cc(sc2c2c1cc(s2)c1sc2c(c1)n(c1c2sc(c1)C=C1C(=O)c2c(C1=O)cccc2)C[C@H](CCCC)CC)c1sc2c(c1)n(c1c2sc(c1)C=C1C(=O)c2c(C1=O)cccc2)C[C@H](CCCC)CC)CC,8.06
288,CCCCCCc1cc(sc1C[C@H](CCCC)CC)c1c2cc(sc2c(c2c1sc(c2)c1cnc(c2c1nc(CCCC)c(n2)CCCC)c1ccc(s1)c1ccc(s1)CCCCCC)c1sc(c(c1)CCCCCC)C[C@@H](CCCC)CC)c1cnc(c2c1nc(CCCC)c(n2)CCCC)c1ccc(s1)c1ccc(s1)CCCCCC,6.3
289,CCCC[C@@H](C[Si]1(C[C@H](CCCC)CC)c2cc(sc2c2c1cc(s2)c1c(F)cc(c2c1nsn2)c1ccc(s1)c1ccc(s1)SCCCCCC)c1c(F)cc(c2c1nsn2)c1ccc(s1)c1ccc(s1)SCCCCCC)CC,3.21
290,CCCC[C@@H](CSc1ccc(s1)c1c2sc(cc2c(c2c1cc(s2)c1c(F)cc(c2c1nsn2)c1ccc(s1)c1ccc(s1)SCCCCCC)c1ccc(s1)SC[C@H](CCCC)CC)c1c(F)cc(c2c1nsn2)c1ccc(s1)c1ccc(s1)SCCCCCC)CC,2.2
291,CCCCCC[C@H](Cn1c(=O)c2c(c1c1ccc(s1)C#Cc1ccc(cc1)N(c1ccc3c(c1)C(CC)(CC)c1c3cccc1)c1ccc3c(c1)C(CC)(CC)c1c3cccc1)c(=O)n(c2c1ccc(s1)C#Cc1ccc(cc1)N(c1ccc2c(c1)C(CC)(CC)c1c2cccc1)c1ccc2c(c1)C(CC)(CC)c1c2cccc1)C[C@@H](CCCCCC)CCCC)CCCC,0.27
292,CCCCCC[C@H](Cn1c(=O)c2c(c1c1ccc(s1)C#Cc1ccc3c(c1)ccc(c3)N(c1ccc3c(c1)C(CC)(CC)c1c3cccc1)c1ccc3c(c1)C(CC)(CC)c1c3cccc1)c(=O)n(c2c1ccc(s1)C#Cc1ccc2c(c1)ccc(c2)N(c1ccc2c(c1)C(CC)(CC)c1c2cccc1)c1ccc2c(c1)C(CC)(CC)c1c2cccc1)C[C@@H](CCCCCC)CCCC)CCCC,0.55
293,CCCCCCCCCC[C@H](C1=C2CCC3N2[Zn@]24n5c1ccc5C(=C1N2C(CC1)C(=c1n4c(=C3C#Cc2sc(c(c2)CCCCCC)c2ccc(s2)c2sc(cc2CCCCCC)/C=C/2\SC(=S)N(C2=O)CC)cc1)[C@@H](CCCCCCCCCC)CCCCCCCC)C#Cc1sc(c(c1)CCCCCC)c1ccc(s1)c1sc(cc1CCCCCC)/C=C/1\SC(=S)N(C1=O)CC)CCCCCCCC,7.17
295,CCCC[C@H](Cc1ccc(s1)c1c2sc(cc2c(c2c1cc(s2)c1sc(c2c1sc(c2)CCCCCCCC)[CH]C1=[S]C(=S)N(C1=O)CC)c1ccc(s1)C[C@@H](CCCC)CC)c1sc(c2c1sc(c2)CCCCCCCC)[CH]C1=[S]C(=S)N(C1=O)CC)CC,6.61
296,CCCCCCCCc1cc(sc1c1ccc(s1)c1sc(cc1CCCCCCCC)/C=C\1/SC(=S)N(C1=O)CC)c1ccc2c(c1)n(C[C@H](CCCC)CC)c1c2n(C[C@@H](CCCC)CC)c2c1cc(cc2)c1sc(c(c1)CCCCCCCC)c1ccc(s1)c1sc(cc1CCCCCCCC)[CH]C1=[S]C(=S)N(C1=O)CC,2.73
298,CCCCN1c2ccccc2C(/C/1=C\[C]1C(=O)[C](C1=O)c1c(O)cc(cc1O)N1c2ccccc2[C@H]2[C@H]1CCC2)(C)C,4.08
301,CCCC[C@@H](Cc1ccc(s1)c1c2sc(cc2c(c2c1cc(s2)c1ccc2c(c1)C(C)(C)[C@@H](N2CCCC)/C=C\1/C(=C(C1=O)c1c(O)cc(cc1O)N1c2ccccc2[C@H]2[C@H]1CCC2)O)c1ccc(s1)C[C@H](CCCC)CC)c1ccc2c(c1)C(C)(C)[C@@H](N2CCCC)/C=C\1/C(=C(C1=O)c1c(O)cc(cc1O)N1c2ccccc2[C@H]2[C@H]1CCC2)O)CC,6.33
303,CCCCCCCCCCCCCCCCc1ccc(s1)c1ccc(s1)c1c(F)cc(c2c1nsn2)c1ccc(s1)c1ccc(s1)c1ccccc1,0.25
304,CCCC[C@H](COc1c2sc(cc2c(c2c1cc(s2)c1sc2c(c1)n(c1c2sc(c1)C=C1C(=O)c2c(C1=O)cccc2)C[C@H](CCCC)CC)OC[C@@H](CCCC)CC)c1sc2c(c1)n(c1c2sc(c1)C=C1C(=O)c2c(C1=O)cccc2)C[C@H](CCCC)CC)CC,6.85
305,Cc1ccc(cc1)N1c2ccc(cc2[C@H]2[C@H]1CCC2)[C]1C(=O)[C](C1=O)c1c(O)cc(cc1O)N1[C@@H]2CCC[C@H]2c2c1ccc1c2cccc1,4.57
309,CCCCCCCCc1cc(sc1c1ccc(s1)c1sc(cc1CCCCCCCC)c1sc(cc1CCCCCCCC)c1sc(cc1CCCCCCCC)/C=C\1/[C](C2=[S]C(=S)N(C2=O)CC)c2c(C1=O)cccc2)c1sc(cc1CCCCCCCC)c1sc(cc1CCCCCCCC)[CH][C]1[C](C2=[S]C(=S)N(C2=O)CC)c2c(C1=O)cccc2,4.22
311,CCCC[C@H](Cc1ccc(s1)c1c2cc(sc2c(c2c1sc(c2)c1ccc(s1)c1n(C[C@H](CCCC)CC)c(=O)c2c1c(=O)n(c2c1cccs1)C[C@H](CCCC)CC)c1ccc(s1)C[C@@H](CCCC)CC)c1ccc(s1)c1n(C[C@H](CCCC)CC)c(=O)c2c1c(=O)n(c2c1cccs1)C[C@H](CCCC)CC)CC,5.04
312,CCCC[C@H](Cc1ccc(s1)c1ccc(s1)c1c2sc(cc2c(c2c1cc(s2)c1ccc(s1)c1n(C[C@@H](CCCC)CC)c(=O)c2c1c(=O)n(c2c1cccs1)C[C@H](CCCC)CC)c1ccc(s1)c1ccc(s1)C[C@H](CCCC)CC)c1ccc(s1)c1n(C[C@@H](CCCC)CC)c(=O)c2c1c(=O)n(c2c1cccs1)C[C@H](CCCC)CC)CC,6.04
313,CCCCCCCCc1ccc(s1)C1Cc2c(S1)c1sc(cc1c1c2nc2c(c3ccc(s3)CCCCCCCC)c3nc4c(nc3c(c2n1)c1ccc(s1)CCCCCCCC)c1CC(=[S]c1c1c4cc(s1)c1ccc(s1)CCCCCCCC)c1ccc(s1)CCCCCCCC)c1ccc(s1)CCCCCCCC,4.82
316,CCCCCCn1c(=O)c2c(c1c1ccc(s1)c1ccc3c(c1)N(C[C@@H](CCCC)CC)C(=O)/C/3=C/1\c3ccccc3N(C1=O)C[C@@H](CCCC)CC)c(=O)n(c2c1ccc(s1)c1ccc2c(c1)N(C[C@@H](CCCC)CC)C(=O)/C/2=C/1\c2ccccc2N(C1=O)C[C@@H](CCCC)CC)CCCCCC,0.68
317,CCCCCCn1c(=O)c2c(c1c1ccc(cc1)c1ccc3c(c1)N(C[C@@H](CCCC)CC)C(=O)/C/3=C\1/c3ccccc3N(C1=O)C[C@@H](CCCC)CC)c(=O)n(c2c1ccc(cc1)c1ccc2c(c1)N(C[C@@H](CCCC)CC)C(=O)/C/2=C/1\c2ccccc2N(C1=O)C[C@@H](CCCC)CC)CCCCCC,0.98
318,CCCCCCn1c(=O)c2c(c1c1ccc(s1)c1ccc3c(c1)N(C[C@@H](CCCC)CC)C(=O)/C/3=C/1\c3sccc3N(C1=O)C[C@@H](CCCC)CC)c(=O)n(c2c1ccc(s1)c1ccc2c(c1)N(C[C@@H](CCCC)CC)C(=O)/C/2=C/1\c2sccc2N(C1=O)C[C@@H](CCCC)CC)CCCCCC,0.74
319,CCCCCCN(c1cc(O)c(c(c1)O)[C]1C(=O)[C](C1=O)c1c(O)cc(cc1O)N(CCCCCC)CCCCCC)CCCCCC,0.86
320,CCCC[C@H](Cc1ccc(s1)c1cc2c(c3c1cc(s3)c1sc(c(c1)CCCCCCCC)c1ccc(s1)c1sc(cc1CCCCCCCC)/C=C(/C(=O)OCCCCCCCC)\C#N)cc(c1c2sc(c1)c1sc(c(c1)CCCCCCCC)c1ccc(s1)c1sc(cc1CCCCCCCC)/C=C(/C(=O)OCCCCCCCC)\C#N)c1ccc(s1)C[C@H](CCCC)CC)CC,4.71
321,CCCC[C@@H](Cc1ccc(cc1)c1cc2c(c3c1cc(s3)c1sc(c(c1)CCCCCCCC)c1ccc(s1)c1sc(cc1CCCCCCCC)/C=C(/C(=O)OCCCCCCCC)\C#N)cc(c1c2sc(c1)c1sc(c(c1)CCCCCCCC)c1ccc(s1)c1sc(cc1CCCCCCCC)/C=C(/C(=O)OCCCCCCCC)\C#N)c1ccc(cc1)C[C@H](CCCC)CC)CC,6.24
323,CN(c1ccc(cc1)/C=C/C=C1C(=O)c2c(C1=O)c(ccc2c1ccc(cc1)N(C)C)c1ccc(cc1)N(C)C)C,0.51
324,CCCC[C@@H](COc1ccc(cc1)c1c2cc(sc2c(c2c1sc(c2)c1ccc(s1)c1n(C[C@H](CCCC)CC)c(=O)c2c1c(=O)n(c2c1cccs1)C[C@H](CCCC)CC)c1ccc(cc1)OC[C@H](CCCC)CC)c1ccc(s1)c1n(C[C@H](CCCC)CC)c(=O)c2c1c(=O)n(c2c1cccs1)C[C@H](CCCC)CC)CC,3.66
326,CCCC[C@@H](C[Se]c1ccc(cc1)c1c2cc(sc2c(c2c1sc(c2)c1ccc(s1)c1n(C[C@H](CCCC)CC)c(=O)c2c1c(=O)n(c2c1cccs1)C[C@H](CCCC)CC)c1ccc(cc1)[Se]C[C@H](CCCC)CC)c1ccc(s1)c1n(C[C@H](CCCC)CC)c(=O)c2c1c(=O)n(c2c1cccs1)C[C@H](CCCC)CC)CC,3.73
328,CCCC[C@@H](C[Se]c1ccc(s1)c1c2cc(sc2c(c2c1sc(c2)c1ccc(s1)c1n(C[C@H](CCCC)CC)c(=O)c2c1c(=O)n(c2c1cccs1)C[C@H](CCCC)CC)c1ccc(s1)[Se]C[C@H](CCCC)CC)c1ccc(s1)c1n(C[C@H](CCCC)CC)c(=O)c2c1c(=O)n(c2c1cccs1)C[C@H](CCCC)CC)CC,4.54
330,CCCC[C@@H](CSc1cccc(c1)c1c2cc(sc2c(c2c1sc(c2)c1ccc(s1)c1n(C[C@H](CCCC)CC)c(=O)c2c1c(=O)n(c2c1cccs1)C[C@H](CCCC)CC)c1cccc(c1)SC[C@H](CCCC)CC)c1ccc(s1)c1n(C[C@H](CCCC)CC)c(=O)c2c1c(=O)n(c2c1cccs1)C[C@H](CCCC)CC)CC,0.96
331,CCCC[C@@H](C[Se]c1cccc(c1)c1c2cc(sc2c(c2c1sc(c2)c1ccc(s1)c1n(C[C@H](CCCC)CC)c(=O)c2c1c(=O)n(c2c1cccs1)C[C@H](CCCC)CC)c1cccc(c1)[Se]C[C@H](CCCC)CC)c1ccc(s1)c1n(C[C@H](CCCC)CC)c(=O)c2c1c(=O)n(c2c1cccs1)C[C@H](CCCC)CC)CC,1.6
332,CCCCCCC1(CCCCCC)c2cc(sc2c2c1cc(s2)C#CC1=c2ccc3=C(C4N5[Zn@@]6(N7C1CCC7=C(c1c(C)cc(cc1C)C)c1n6c(cc1)C(=C5CC4)C#Cc1sc4c(c1)C(c1c4sc(c1)/C=C/1\SC(=S)N(C1=O)CC)(CCCCCC)CCCCCC)n23)c1c(C)cc(cc1C)C)[CH]C1=[S]C(=S)N(C1=O)CC,5.73
335,CCCCCCCC[C@@H](Cn1c2cc(sc2c2c1cc(s2)c1ccc(c2c1nsn2)c1sc2c(c1)n(c1c2sc(c1)C=C(C#N)C#N)C[C@H](CCCCCCCC)CCCCCC)C=C(C#N)C#N)CCCCCC,1.59
336,CCCCCCCCN1C(=O)c2c(C1=O)c(sc2c1cc2c(s1)c1c(n2C[C@H](CCCCCCCC)CCCCCC)cc(s1)c1sc(cc1CCCCCC)c1sc(cc1CCCCCC)C=C(C#N)C#N)c1cc2c(s1)c1c(n2C[C@H](CCCCCCCC)CCCCCC)cc(s1)c1sc(cc1CCCCCC)c1sc(cc1CCCCCC)C=C(C#N)C#N,5.03
337,CCCCCCCC[C@@H](Cn1c2cc(sc2c2c1cc(s2)c1sc(cc1CCCCCC)c1sc(cc1CCCCCC)C=C(C#N)C#N)c1ccc(c2c1nsn2)c1cc2c(s1)c1c(n2C[C@H](CCCCCCCC)CCCCCC)cc(s1)c1sc(cc1CCCCCC)c1sc(cc1CCCCCC)C=C(C#N)C#N)CCCCCC,2.34
338,CCCCCCCC[C@H](Cn1nc2c(n1)c(c1ccc(s1)c1cc3c(s1)c(OC[C@@H](CCCC)CC)c1c(c3OC[C@H](CCCC)CC)sc(c1)c1ccc(s1)c1c(F)c(F)c(c3c1nn(n3)C[C@H](CCCCCCCC)CCCCCC)c1ccc(s1)/C=C(/C(=O)OC[C@H](CCCC)CC)\C#N)c(c(c2c1ccc(s1)/C=C(/C(=O)OC[C@@H](CCCC)CC)\C#N)F)F)CCCCCC,5.51
339,CCCC[C@H](COc1c2cc(sc2c(c2c1sc(c2)c1ccc(c2c1nsn2)c1ccc(s1)c1cc2c(s1)c1c(n2C[C@@H](CCCC)CC)cc(s1)C[C@@H](CCCC)CC)OC[C@H](CCCC)CC)c1ccc(c2c1nsn2)c1ccc(s1)c1cc2c(s1)c1c(n2C[C@@H](CCCC)CC)cc(s1)C[C@@H](CCCC)CC)CC,2.7
340,CCCC[C@@H](Cn1c(=O)c2c(c1c1ccc(s1)c1ccc3c(c1)C(=O)c1c3cccc1)c(=O)n(c2c1ccc(s1)c1ccc2c(c1)C(=O)c1c2cccc1)C[C@H](CCCC)CC)CC,4.2
341,CCCCCCCCCC[C@H](Cn1c(=O)c2c(c1c1ccc(s1)c1cccc3c1nsn3)c(=O)n(c2c1ccc(s1)c1cccc2c1nsn2)C[C@@H](CCCCCCCCCC)CCCCCCCC)CCCCCCCC,0.5
342,CCCCCCCCC1(CCCCCCCC)c2cc(C#Cc3cc4n(c3)[B](F)(F)n3c([C]4c4ccc(cc4)OCCCCCCCC)ccc3)ccc2c2c1cc(C#Cc1cc3n(c1)[B](F)(F)n1c([C]3c3ccc(cc3)OCCCCCCCC)ccc1)cc2,2.6
343,N#CC(=Cc1ccc(cc1)c1ccc(s1)c1ccc2c(c1)c1ccccc1n2c1ccc(cc1)C(C)(C)C)C#N,2.48
344,O=C1C(=Cc2ccc(cc2)c2ccc(s2)c2ccc3c(c2)c2ccccc2n3c2ccc(cc2)C(C)(C)C)C(=O)c2c1cccc2,2.17
345,N#CC(=C1C=C(/C=C/c2ccc(cc2)c2ccc(s2)c2ccc3c(c2)c2ccccc2n3c2ccc(cc2)C(C)(C)C)OC(=C1)C(C)(C)C)C#N,2.09
346,O=C1C(=C2C=C(/C=C/c3ccc(cc3)c3ccc(s3)c3ccc4c(c3)c3ccccc3n4c3ccc(cc3)C(C)(C)C)OC(=C2)C(C)(C)C)C(=O)c2c1cccc2,1.42
347,CCCC[C@H](C[Si@]1(C[C@H](CCCC)CC)c2cc(sc2c2c1cc(s2)c1ccc(c2c1nsn2)c1sc2c(c1)[Si@](c1c2sc(c1)c1ncc(c2c1nsn2)c1ccc(s1)c1ccc(s1)CCCCCC)(C[C@H](CCCC)CC)C[C@@H](CCCC)CC)c1ccc(c2c1nsn2)c1sc2c(c1)[Si@](c1c2sc(c1)c1ncc(c2c1nsn2)c1ccc(s1)c1ccc(s1)CCCCCC)(C[C@H](CCCC)CC)C[C@@H](CCCC)CC)CC,6.3
348,CCCC[C@H](C[Si@]1(C[C@H](CCCC)CC)c2cc(sc2c2c1cc(s2)c1cc(F)c(c2c1nsn2)c1sc2c(c1)[Si@](c1c2sc(c1)c1ncc(c2c1nsn2)c1ccc(s1)c1ccc(s1)CCCCCC)(C[C@H](CCCC)CC)C[C@@H](CCCC)CC)c1cc(F)c(c2c1nsn2)c1sc2c(c1)[Si@](c1c2sc(c1)c1ncc(c2c1nsn2)c1ccc(s1)c1ccc(s1)CCCCCC)(C[C@H](CCCC)CC)C[C@@H](CCCC)CC)CC,7.3
349,CCCCCCc1cc(sc1c1ccc(s1)c1sc(cc1CCCCCC)/C=C(/C(=O)OCCCCCCCC)\C#N)c1ccc2c(c1)C1(c3cc(ccc3C=C2)c2sc(c(c2)CCCCCC)c2ccc(s2)c2sc(cc2CCCCCC)/C=C(/C(=O)OCCCCCCCC)\C#N)c2ccccc2c2c1cccc2,1.03
352,CCCCCCCCc1cc(sc1c1ccc(s1)c1sc(cc1CCCCCCCC)/C=C/c1nc(c(n1CCCCCCCC)C#N)C#N)c1cc2c(s1)c(c1ccc(s1)C[C@H](CCCC)CC)c1c(c2c2ccc(s2)C[C@H](CCCC)CC)sc(c1)c1cc(c(s1)c1ccc(s1)c1sc(cc1CCCCCCCC)/C=C/c1nc(c(n1CCCCCCCC)C#N)C#N)CCCCCCCC,2.68
353,CCCCCCCC[C@H](C1=C2CCC3N2[Zn@@]24n5c1ccc5C(=C1N2C(CC1)C(=c1n4c(=C3C#Cc2cc(OCCCCCC)c(cc2OCCCCCC)[CH]C2=[S]C(=S)N(C2=O)CC)cc1)[C@@H](CCCCCCCC)CCCCCC)C#Cc1cc(OCCCCCC)c(cc1OCCCCCC)/C=C/1\SC(=S)N(C1=O)CC)CCCCCC,7.7
354,[H]C(C1SC(S)N(C1O)C([H])([H])C([H])([H])[H])C1C([H])C(OC([H])([H])C([H])([H])C([H])([H])C([H])([H])C([H])([H])C([H])([H])[H])C(CCC2C3C([H])C([H])C4C(C5C([H])C([H])C6C(CCC7C8C([H])C([H])C9C(C%10C([H])C([H])C%11C(CCC%12C([H])C(OC([H])([H])C([H])([H])C([H])([H])C([H])([H])C([H])([H])C([H])([H])[H])C(C([H])C%13SC(S)N(C%13O)C([H])([H])C([H])([H])[H])C([H])C%12OC([H])([H])C([H])([H])C([H])([H])C([H])([H])C([H])([H])C([H])([H])[H])C%12C([H])C([H])C%13C(C%14C([H])C([H])C7N%14[Zn](N%10%11)(N%12%13)N89)[C@]([H])(C([H])([H])C([H])([H])C([H])([H])C([H])([H])C([H])([H])C([H])([H])[H])C([H])([H])C([H])([H])C([H])([H])C([H])([H])C([H])([H])C([H])([H])C([H])([H])C([H])([H])[H])[C@]([H])(C([H])([H])C([H])([H])C([H])([H])C([H])([H])C([H])([H])C([H])([H])[H])C([H])([H])C([H])([H])C([H])([H])C([H])([H])C([H])([H])C([H])([H])C([H])([H])C([H])([H])[H])C7C([H])C([H])C8C(C9C([H])C([H])C2N9[Zn](N34)(N56)N78)[C@]([H])(C([H])([H])C([H])([H])C([H])([H])C([H])([H])C([H])([H])C([H])([H])[H])C([H])([H])C([H])([H])C([H])([H])C([H])([H])C([H])([H])C([H])([H])C([H])([H])C([H])([H])[H])[C@]([H])(C([H])([H])C([H])([H])C([H])([H])C([H])([H])C([H])([H])C([H])([H])[H])C([H])([H])C([H])([H])C([H])([H])C([H])([H])C([H])([H])C([H])([H])C([H])([H])C([H])([H])[H])C([H])C1OC([H])([H])C([H])([H])C([H])([H])C([H])([H])C([H])([H])C([H])([H])[H],8.23
355,N#CC(=Cc1ccc(cc1)c1cc2c(n1c1ccc(cc1)C)cc(n2c1ccc(cc1)C)c1ccc(cc1)C=C(C#N)C#N)C#N,0.01
358,CCCC[C@@H](CN1C(=S)S/C(=C\2/[C@H]3C=C[C@H](C=C3C3=C[C@@H](C=C[C@H]23)[C@@H]2C=C[C@H](C=C2)N(c2ccc(cc2)OC)c2ccc(cc2)OC)[C@@H]2C=C[C@@H](C=C2)N(c2ccc(cc2)OC)c2ccc(cc2)OC)/C1=O)CC,1.3
359,CCCCCCc1cc(sc1/C=C/c1sc2c(c1)C(c1c2sc(c1)/C=C/c1sc(cc1CCCCCC)/C=C/1\SC(=S)N(C1=O)CC)(CCCCCC)CCCCCC)[CH]C1=[S]C(=S)N(C1=O)CC,3.72
362,CCCC[C@@H](Cn1c(=O)c2c(c1c1ccc(s1)c1ccc(cc1)N(c1ccc(cc1)OCCCCCC)c1ccc(cc1)OCCCCCC)c(=O)n(c2c1ccc(s1)c1ccc(cc1)N(c1ccc(cc1)OCCCCCC)c1ccc(cc1)OCCCCCC)C[C@H](CCCC)CC)CC,1.32
363,CCCC[C@@H](Cn1c(=O)c2c(c1c1ccc(s1)c1ccc(cc1)C(F)(F)F)c(=O)n(c2c1ccc(s1)c1ccc(cc1)C(F)(F)F)C[C@H](CCCC)CC)CC,1.34
364,CCCC[C@@H](Cn1c(=O)c2c(c1c1ccc(s1)c1cc(F)c(c(c1)F)F)c(=O)n(c2c1ccc(s1)c1cc(F)c(c(c1)F)F)C[C@H](CCCC)CC)CC,0.27
365,CCCCCCCCOc1c2cc(sc2c(c2c1sc(c2)C#Cc1cc2n(c1)[B](F)(F)n1c([C]2c2ccc(cc2)OCCCCCCCC)ccc1)OCCCCCCCC)C#Cc1cc2n(c1)[B](F)(F)n1c([C]2c2ccc(cc2)OCCCCCCCC)ccc1,4.65
368,CCCC[C@@H](Cn1c(=O)c2c(c1c1ccc(cc1)c1sc(c3c1OCCO3)c1ccc(cc1)N(c1ccc(cc1)OCCCCCC)c1ccc(cc1)OCCCCCC)c(=O)n(c2c1ccc(cc1)c1sc(c2c1OCCO2)c1ccc(cc1)N(c1ccc(cc1)OCCCCCC)c1ccc(cc1)OCCCCCC)C[C@H](CCCC)CC)CC,0.04
369,CCCC[C@@H](Cn1c(=O)c2c(c1c1ccc(cc1)c1sc(c3c1OCCO3)c1ccc(s1)C[C@@H](CCCC)CC)c(=O)n(c2c1ccc(cc1)c1sc(c2c1OCCO2)c1ccc(s1)C[C@@H](CCCC)CC)C[C@H](CCCC)CC)CC,0.65
371,CCCCCCOc1ccc(cc1)N(c1ccc(cc1)OCCCCCC)c1ccc(cc1)c1sc(c2c1OCCO2)c1ccc(s1)c1n(C[C@H](CCCC)CC)c(=O)c2c1c(=O)n(c2c1ccc(cc1)c1sc(c2c1OCCO2)c1ccc(s1)N(c1ccc(cc1)OCCCCCC)c1ccc(cc1)OCCCCCC)C[C@H](CCCC)CC,0.04
374,CCCCCCCCc1c2sc(cc2c(c2c1cc(s2)c1cc(c(s1)c1ccc(s1)c1sc(cc1CCCCCCCC)/C=C\1/SN(C(=S)C1=O)CC)CCCCCCCC)CCCCCCCC)c1cc(c(s1)c1ccc(s1)c1sc(cc1CCCCCCCC)/C=C\1/SN(C(=S)C1=O)CC)CCCCCCCC,8.26
375,CCCCCCCCOc1c2cc(sc2c(c2c1sc(c2)c1sc(c(c1)CCCCCCCC)c1ccc(s1)c1sc(cc1CCCCCCCC)[CH]C1=[S]N(C(=S)C1=O)CC)CCCCCCCC)c1sc(c(c1)CCCCCCCC)c1ccc(s1)c1sc(cc1CCCCCCCC)[CH]C1=[S]N(C(=S)C1=O)CC,7.83
376,CCCCCCc1ccc(cc1)C1(c2ccc(cc2)CCCCCC)c2cc3c4sc5c(c4[C@@]4(c3cc2c2c1c1sc(cc1s2)c1c(F)c(F)c(c2c1nn(n2)CCCCCC)c1ccc(s1)c1n(C[C@@H](CCCC)CC)c(=O)c2c1c(=O)n(c2c1cccs1)C[C@H](CCCC)CC)[C@]12[C@]34C=CC(=C[C@@H]3[C@@H]2C=C(C=C1)CCCCCC)CCCCCC)sc(c5)c1c(F)c(F)c(c2c1nn(n2)CCCCCC)c1ccc(s1)c1n(C[C@@H](CCCC)CC)c(=O)c2c1c(=O)n(c2c1cccs1)C[C@H](CCCC)CC,6.98
378,CCCCCCCCc1cc(sc1c1ccc(s1)c1sc(cc1CCCCCCCC)/C=C/1\SC(=S)N(C1=O)CC)c1sc2c(c1)P(=O)(c1c2sc(c1)c1cc(c(s1)c1ccc(s1)c1sc(cc1CCCCCCCC)/C=C\1/SC(=S)N(C1=O)CC)CCCCCCCC)c1ccccc1,5.04
379,[H]C1([H])[N@]2C([H])([H])C([H])([H])[N@@](C1([H])[H])C([H])([H])C2([H])[H].[H]C1([H])[N@]2C([H])([H])C([H])([H])[N@@](C1([H])[H])C([H])([H])C2([H])[H].[H]C1C([H])C2C([H])C3C([H])C([H])C4C(CCCCC5C6C([H])C([H])C7C([H])C8C([H])C([H])C9C([H])C%10C([H])C([H])C%11C([H])C%12C([H])C([H])C5N%12[Zn](N89)(N%10%11)N67)C5C([H])C([H])C6C([H])C7C([H])C([H])C8C([H])C1N2[Zn](N78)(N34)N56.[H]C1C([H])C2C([H])C3C([H])C([H])C4C(CCCCC5C6C([H])C([H])C7C([H])C8C([H])C([H])C9C([H])C%10C([H])C([H])C%11C([H])C%12C([H])C([H])C5N%12[Zn](N89)(N%10%11)N67)C5C([H])C([H])C6C([H])C7C([H])C([H])C8C([H])C1N2[Zn](N78)(N34)N56,2.28
380,CCCCCCN1c2cc(ccc2/C(=C/2\C(=O)N(c3c2ccc(c3)c2ccc(s2)c2n(C[C@H](CCCC)CC)c(=O)c3c2c(=O)n(c3c2cccs2)C[C@H](CCCC)CC)CCCCCC)/C1=O)c1ccc(s1)c1n(C[C@H](CCCC)CC)c(=O)c2c1c(=O)n(c2c1cccs1)C[C@H](CCCC)CC,5.06
381,CCCC[C@H](Cc1ccc(s1)C1=C2CCC3N2[Zn@]24n5c1ccc5C(=C1N2C(CC1)C(=c1n4c(=C3C#Cc2ccc(s2)c2n(C[C@@H](CCCC)CC)c(=O)c3c2c(=O)n(c3c2cccs2)C[C@@H](CCCC)CC)cc1)c1ccc(s1)C[C@H](CCCC)CC)C#CC#CC1=C2CCC3N2[Zn@@]24n5c1ccc5C(=C1N2C(CC1)C(=c1n4c(=C3c2ccc(s2)C[C@@H](CCCC)CC)cc1)C#Cc1ccc(s1)c1n(C[C@@H](CCCC)CC)c(=O)c2c1c(=O)n(c2c1cccs1)C[C@@H](CCCC)CC)c1ccc(s1)C[C@@H](CCCC)CC)CC,4.5
382,[H]C1SC(C([H])C1[H])C1C2C(O)N(C(C3SC(CCC4C5C([H])C([H])C6C(C7SC(C([H])C7[H])C([H])([H])[C@@]([H])(C([H])([H])C([H])([H])[H])C([H])([H])C([H])([H])C([H])([H])C([H])([H])[H])C7C([H])C([H])C8C(CCC9SC(C%10SC(CCC%11C%12C([H])C([H])C%13C(C%14SC(C([H])C%14[H])C([H])([H])[C@]([H])(C([H])([H])C([H])([H])[H])C([H])([H])C([H])([H])C([H])([H])C([H])([H])[H])C%14C([H])C([H])C%15C(CCC%16SC(C([H])C%16[H])C%16C%17C(O)N(C(C%18SC([H])C([H])C%18[H])C%17C(O)N%16C([H])([H])[C@]([H])(C([H])([H])C([H])([H])[H])C([H])([H])C([H])([H])C([H])([H])C([H])([H])[H])C([H])([H])[C@]([H])(C([H])([H])C([H])([H])[H])C([H])([H])C([H])([H])C([H])([H])C([H])([H])[H])C%16C([H])C([H])C%17C(C%18SC(C([H])C%18[H])C([H])([H])[C@]([H])(C([H])([H])C([H])([H])[H])C([H])([H])C([H])([H])C([H])([H])C([H])([H])[H])C%18C([H])C([H])C%11N%18[Zn](N%14%15)(N%16%17)N%12%13)C([H])C%10C([H])([H])C([H])([H])C([H])([H])C([H])([H])C([H])([H])C([H])([H])[H])C(C9[H])C([H])([H])C([H])([H])C([H])([H])C([H])([H])C([H])([H])C([H])([H])[H])C9C([H])C([H])C%10C(C%11SC(C([H])C%11[H])C([H])([H])[C@]([H])(C([H])([H])C([H])([H])[H])C([H])([H])C([H])([H])C([H])([H])C([H])([H])[H])C%11C([H])C([H])C4N%11[Zn](N56)(N78)N9%10)C([H])C3[H])C2C(O)N1C([H])([H])[C@]([H])(C([H])([H])C([H])([H])[H])C([H])([H])C([H])([H])C([H])([H])C([H])([H])[H])C([H])([H])[C@]([H])(C([H])([H])C([H])([H])[H])C([H])([H])C([H])([H])C([H])([H])C([H])([H])[H],5.5
383,CCCCCCCCCCCCOc1cc(C#CC2=c3ccc4=C(C5N6[Zn@]7(N8C2CCC8=C(c2ccc(s2)C[C@@H](CCCC)CC)c2n7c(cc2)C(=C6CC5)C#Cc2ccc(s2)c2n(C[C@@H](CCCC)CC)c(=O)c5c2c(=O)n(c5c2cccs2)C[C@@H](CCCC)CC)n34)c2ccc(s2)C[C@H](CCCC)CC)c(cc1C#CC1=C2CCC3N2[Zn@]24n5c1ccc5C(=C1N2C(CC1)C(=c1n4c(=C3c2ccc(s2)C[C@@H](CCCC)CC)cc1)C#Cc1ccc(s1)c1n(C[C@@H](CCCC)CC)c(=O)c2c1c(=O)n(c2c1cccs1)C[C@@H](CCCC)CC)c1ccc(s1)C[C@@H](CCCC)CC)OCCCCCCCCCCCC,6.42
386,COc1ccc(cc1)c1oc2c(c1)n1c(c2)[C](c2n([B]1(F)F)c1cc(oc1c2)c1ccc(cc1)OC)C(F)(F)F,6.1
45,CCCCCCCCc1cc(sc1c1ccc(s1)c1sc(cc1CCCCCCCC)c1sc(cc1CCCCCCCC)[CH]C1SC(=C(C#N)C#N)N(C1=O)CC)c1sc(cc1CCCCCCCC)[CH]C1SC(=C(C#N)C#N)N(C1=O)CC,5.78
387,CCCCCCc1cc(sc1C[C@H](CCCC)CC)c1c2cc(sc2c(c2c1sc(c2)c1c(F)c(F)c(c2c1nc(C(=O)OC(C)C)c(n2)C(=O)OC(C)C)c1ccc(s1)c1ccc(s1)CCCCCC)c1sc(c(c1)CCCCCC)C[C@@H](CCCC)CC)c1c(F)c(F)c(c2c1nc(C(=O)OC(C)C)c(n2)C(=O)OC(C)C)c1ccc(s1)c1ccc(s1)CCCCCC,7.7
388,CCCCCCCCn1c2cc(C#Cc3cc4n(c3)[B](F)(F)n3c([C]4c4ccc(cc4)OCCCCCCCC)ccc3)ccc2c2c1cc(C#Cc1cc3n(c1)[B](F)(F)n1c([C]3c3ccc(cc3)OCCCCCCCC)ccc1)cc2,3.02
392,[H]C1C([H])C2C(C3C([H])C([H])C4C(CCC5C([H])C6C(O)N(C(O)C7C([H])C([H])C8C9C([H])C([H])C%10C(O)N(C(O)C%11C([H])C([H])C(C5C8C67)C9C%10%11)C([H])(C([H])([H])C([H])([H])[H])C([H])([H])C([H])([H])[H])C([H])(C([H])([H])C([H])([H])[H])C([H])([H])C([H])([H])[H])C5C([H])C([H])C6C(C7C([H])C([H])C8C([H])C1N2[Ni](N78)(N34)N56)C1C(C([H])C(C([H])C1C([H])([H])[H])C([H])([H])[H])C([H])([H])[H])C1C(C([H])C(C([H])C1C([H])([H])[H])C([H])([H])[H])C([H])([H])[H],4.51
393,CCC(n1c(=O)c2cc(C#CC3=c4ccc5=C(C6N7[Zn@@]8(N9C3CCC9=C(c3c(C)cc(cc3C)C)c3n8c(cc3)C=C7CC6)n45)c3c(C)cc(cc3C)C)c3c4c2c(c1=O)ccc4c1c2c3ccc3c2c(cc1)c(=O)n(c3=O)C(CC)CC)CC,6.18
394,CCCC[C@@H](Cn1c(=O)c2c(c1c1ccc(o1)c1ccc(cc1)/C(=C/c1ccc3c(c1)Oc1c(N3C[C@H](CCCC)CC)cccc1)/C#N)c(=O)n(c2c1ccc(o1)c1ccc(cc1)/C(=C/c1ccc2c(c1)Oc1c(N2C[C@H](CCCC)CC)cccc1)/C#N)C[C@H](CCCC)CC)CC,4.1
396,CCCC[C@H](C[Si@]1(C[C@H](CCCC)CC)c2cc(sc2c2c1cc(s2)c1ccc(s1)c1ccc(s1)C[C@H](CCCC)CC)c1c(F)c(F)c(c2c1nsn2)c1sc2c(c1)[Si@](c1c2sc(c1)c1ccc(s1)c1ccc(s1)C[C@H](CCCC)CC)(C[C@@H](CCCC)CC)C[C@H](CCCC)CC)CC,2.1
397,N#C[C]([C]1[C]([CH]c2ccc(s2)c2ccc(s2)c2ccc(s2)N(c2ccc(cc2)C)c2ccc(cc2)C)C(=O)c2c1cccc2)C#N,6.02
398,CCCC[C@H](CN1C(=O)[C]([CH]c2ccc(s2)c2ccc(s2)c2ccc(s2)N(c2ccc(cc2)C)c2ccc(cc2)C)C(=C(C1=O)C#N)C)CC,4.71
400,CCCCCCc1ccc(cc1)C1(c2ccc(cc2)CCCCCC)c2cc(sc2c2c1cc1c3sc(cc3C(c1c2)(c1ccc(cc1)CCCCCC)c1ccc(cc1)CCCCCC)c1c(F)c(F)c(c2c1nn(n2)CCCCCC)c1ccc(s1)c1n(C[C@@H](CCCC)CC)c(=O)c2c1c(=O)n(c2c1cccs1)C[C@H](CCCC)CC)c1c(F)c(F)c(c2c1nn(n2)CCCCCC)c1ccc(s1)c1n(C[C@@H](CCCC)CC)c(=O)c2c1c(=O)n(c2c1cccs1)C[C@H](CCCC)CC,5.51
401,CCCCCCn1nc2c(n1)c(c1ccc(s1)c1n(C[C@@H](CCCC)CC)c(=O)c3c1c(=O)n(c3c1cccs1)C[C@H](CCCC)CC)c(c(c2c1ccc(s1)c1c(F)c(F)c(c2c1nn(n2)CCCCCC)c1ccc(s1)c1n(C[C@@H](CCCC)CC)c(=O)c2c1c(=O)n(c2c1cccs1)C[C@H](CCCC)CC)F)F,3.75
402,Cl[Al]123N4C5N=c6n3c(=NC3N1C(=Nc1n2c(N=C4C2C5CCCC2)c2c1cccc2)C1C3CCCC1)c1c6cccc1,0.72
403,CCCC[C@H](CN1C(=S)S/C(=C\2/[C@H]3C=C[C@H](C=C3C3=C[C@@H](C=C[C@H]23)N(c2ccc(cc2)OC)c2ccc(cc2)OC)N(c2ccc(cc2)OC)c2ccc(cc2)OC)/C1=O)CC,1.5
404,CCCC[C@H](CN1C(=S)S/C(=C\2/[C@H]3C=C[C@H](C=C3C3=C[C@@H](C=C[C@H]23)N([C@@H]2C=CCC=C2)[C@@H]2C=CCC=C2)N([C@@H]2C=CCC=C2)[C@@H]2C=CCC=C2)/C1=O)CC,1.8
205,CCCCCCCCOc1cccc(c1)c1nc2c(ccc(c2nc1c1cccc(c1)OCCCCCCCC)c1ccc(s1)c1ccc(s1)CCCCCC)c1sc2c(c1)[Si](c1c2sc(c1)c1ccc(c2c1nc(c1cccc(c1)OCCCCCCCC)c(n2)c1cccc(c1)OCCCCCCCC)c1ccc(s1)c1ccc(s1)CCCCCC)(C[C@H](CCCC)CC)C[C@H](CCCC)CC,6.28
406,CCCCCCCCC1(CCCCCCCC)c2cc(C#Cc3ccc(s3)c3n(CCCCCCCC)c(=O)c4c3c(=O)n(c4c3ccc(s3)c3ccc4c(c3)C(=O)N(C4=O)C[C@H](CCCC)CC)CCCCCCCC)ccc2c2c1cc(C#Cc1ccc(s1)c1n(CCCCCCCC)c(=O)c3c1c(=O)n(c3c1ccc(s1)c1ccc3c(c1)C(=O)N(C3=O)C[C@H](CCCC)CC)CCCCCCCC)cc2,0.1
408,CCCC[C@H](Cn1c(c2ccc(s2)c2cc(F)c(cc2F)c2ccc(s2)c2n(C[C@H](CCCC)CC)c(=O)c3c2c(=O)n(c3c2cccs2)C[C@@H](CCCC)CC)c2c(c1=O)c(n(c2=O)C[C@@H](CCCC)CC)c1cccs1)CC,6.32
411,CCCCCCc1ccc(s1)c1ccc(s1)c1c(F)c(F)c(c2c1nsn2)c1ccc(s1)c1ccc2c(c1)[C@](C[C@H](CCCC)CC)(C[C@@H](CCCC)CC)c1c2sc(c1)c1c(F)c(F)c(c2c1nsn2)c1ccc(s1)c1ccc(s1)CCCCCC,1.82
413,CCn1c(=O)c2c(c1c1ccc(s1)C#C/C/1=C\3/N=C(c4c3cccc4)/C=c/3\[nH]/c(=C(\C4=N/C(=C\c5[nH]c1c1ccccc51)/c1ccccc41)/C#Cc1ccc(s1)c1n(CC)c(=O)c4c1c(=O)n(c4c1cccs1)CC)/c1c3cccc1)c(=O)n(c2c1cccs1)CC,4.4
418,CCCC[C@H](CN1C(=O)/C(=C/2\c3sc(cc3N(C2=O)C[C@@H](CCCC)CC)n2c3ccccc3c3c2cccc3)/c2c1cc(s2)n1c2ccccc2c2c1cccc2)CC,0.12
419,CCCC[C@H](Cc1ccc(s1)[C@]1(c2ccc(s2)C[C@H](CCCC)CC)c2cc(sc2c2c1cc1c3sc(cc3[C@@](c1c2)(c1ccc(s1)C[C@H](CCCC)CC)c1ccc(s1)C[C@H](CCCC)CC)c1ccc(s1)c1c(F)c(F)c(c2c1nsn2)c1ccc(s1)c1ccc(s1)CCCCCC)c1ccc(s1)c1c(F)c(F)c(c2c1nsn2)c1ccc(s1)c1ccc(s1)CCCCCC)CC,5.45
420,CCCC[C@H](Cc1ccc(s1)[C@]1(c2ccc(s2)C[C@H](CCCC)CC)c2cc(sc2c2c1cc1c3sc(cc3[C@@](c1c2)(c1ccc(s1)C[C@H](CCCC)CC)c1ccc(s1)C[C@H](CCCC)CC)c1ccc([se]1)c1c(F)c(F)c(c2c1nsn2)c1ccc(s1)c1ccc(s1)CCCCCC)c1ccc([se]1)c1c(F)c(F)c(c2c1nsn2)c1ccc(s1)c1ccc(s1)CCCCCC)CC,7.16
421,CCCCCCCCc1cc(sc1c1ccc(s1)c1sc(cc1CCCCCCCC)C=C1C(=O)c2c(C1=O)cccc2)c1cc2c(s1)c1c(C32c2cc(ccc2c2c3cc(cc2)C(C)(C)C)C(C)(C)C)cc(s1)c1cc(c(s1)c1ccc(s1)c1sc(cc1CCCCCCCC)C=C1C(=O)c2c(C1=O)cccc2)CCCCCCCC,6.27
423,CCCCCCCCc1cc(sc1c1ccc(s1)c1sc(cc1CCCCCCCC)/C=C/1\SC(N(C1=O)CC)[C](C#N)C#N)c1cc2c(s1)c1c(C32c2cc(ccc2c2c3cc(cc2)C(C)(C)C)C(C)(C)C)cc(s1)c1cc(c(s1)c1ccc(s1)c1sc(cc1CCCCCCCC)/C=C/1\SC(N(C1=O)CC)[C](C#N)C#N)CCCCCCCC,4.2
424,CCCCCCCCCCCCOc1ccc(cc1)N1c2ccc(cc2Sc2c1ccc(c2)c1ccc(s1)C=C(C#N)C#N)c1ccc(s1)C=C(C#N)C#N,2.42
426,CCCCCCCCCCCCOc1ccc(cc1)N1c2ccc(cc2Sc2c1ccc(c2)c1ccc(s1)/C=C(\C(=O)NCCCCCC)/C#N)c1ccc(s1)/C=C(\C(=O)NCCCCCC)/C#N,0.48
427,CCCCCCCCCCCCOc1ccc(cc1)N1c2ccc(cc2Sc2c1ccc(c2)c1ccc(s1)C=C(C#N)C#N)c1ccc2c(c1)Sc1c(N2c2ccc(cc2)OCCCCCCCCCCCC)ccc(c1)c1ccc(s1)C=C(C#N)C#N,0.4
428,CCCCCCCCCCCCOc1ccc(cc1)N1c2ccc(cc2Sc2c1ccc(c2)c1ccc(s1)/C=C(\C(=O)OCC)/C#N)c1ccc2c(c1)Sc1c(N2c2ccc(cc2)OCCCCCCCCCCCC)ccc(c1)c1ccc(s1)/C=C(\C(=O)OCC)/C#N,2.31
430,CCCCCCCCn1c(=O)c2c(c1c1ccc(s1)C#Cc1ccc3c(c1)C(=O)N(C3=O)C[C@@H](CCCC)CC)c(=O)n(c2c1ccc(s1)C#Cc1ccc2c(c1)C(=O)N(C2=O)C[C@@H](CCCC)CC)CCCCCCCC,0.02
431,N#C/C(=C/c1ccc(cc1)N(c1ccccc1)c1ccccc1)/c1ccc(cc1)c1ccc(s1)c1ccc(c2c1nc(c1ccccc1)c(n2)c1ccccc1)c1ccc(s1)c1ccc(cc1)/C(=C/c1ccc(cc1)N(c1ccccc1)c1ccccc1)/C#N,3.53
117,CCCC[C@H](Cc1ccc(s1)c1c2cc(sc2c(c2c1sc(c2)c1ccc(s1)c1ccc(s1)c1n(C[C@H](CCCC)CC)c(=O)c2c1c(=O)n(c2c1ccc(s1)c1ccc(cc1)CCCC)C[C@H](CCCC)CC)c1ccc(s1)C[C@H](CCCC)CC)c1ccc(s1)c1ccc(s1)c1n(C[C@@H](CCCC)CC)c(=O)c2c1c(=O)n(c2c1ccc(s1)c1ccc(cc1)CCCC)C[C@@H](CCCC)CC)CC,6.22
432,CCCC[C@H](Cc1ccc(s1)c1c2sc(cc2c(c2c1cc(s2)C1=[S]c2c(C1)c(c1ccc(s1)C[C@H](CCCC)CC)c1c(c2c2ccc(s2)C[C@@H](CCCC)CC)cc(s1)[CH]C1=[S]C(=S)N(C1=O)CC)c1ccc(s1)C[C@H](CCCC)CC)c1sc2c(c1)c(c1ccc(s1)C[C@@H](CCCC)CC)c1c(c2c2ccc(s2)C[C@H](CCCC)CC)cc(s1)[CH]C1=[S]C(=S)N(C1=O)CC)CC,9.08
433,CCCCCCCCc1cc(sc1c1ccc(s1)c1sc(cc1CCCCCCCC)[CH]C1=[S]C(=S)N(C1=O)CC)[C@H]1[S]=C(c2c1cc1C(=[S][C@H](c1c2)C[C@H](CCCC)CC)C[C@@H](CCCC)CC)c1sc(c(c1)CCCCCCCC)c1ccc(s1)c1sc(cc1CCCCCCCC)[CH]C1=[S]C(=S)N(C1=O)CC,9.23
435,CCCCCC[C@@H](Cc1ccc(s1)c1c2cc(sc2c(c2c1sc(c2)c1sc2c(c1CCCCCC)sc(c2)c1sc(cc1CCCCCC)/C=C/1\C(=O)c2c(C1=O)cccc2F)c1ccc(s1)C[C@H](CCCCCC)CCCC)c1sc2c(c1CCCCCC)sc(c2)c1sc(cc1CCCCCC)/C=C/1\C(=O)c2c(C1=O)cccc2F)CCCC,9.87
436,CCCCCCCC[C@H](Cc1ccc(s1)c1c2cc(sc2c(c2c1sc(c2)c1sc2c(c1CCCCCC)sc(c2)c1sc(cc1CCCCCC)C=C1C(=O)c2c(C1=O)c(F)ccc2F)c1ccc(s1)C[C@@H](CCCCCCCC)CCCCCC)c1sc2c(c1CCCCCC)sc(c2)c1sc(cc1CCCCCC)C=C1C(=O)c2c(C1=O)c(F)ccc2F)CCCCCC,9.89
438,CCCCCCCCCCn1c2cc(sc2c2c(c1=O)cc(s2)c1c(F)c(F)c(c2c1nn(n2)CCCCCC)c1ccc(s1)c1n(C[C@@H](CCCC)CC)c(=O)c2c1c(=O)n(c2c1cccs1)C[C@H](CCCC)CC)c1c(F)c(F)c(c2c1nn(n2)CCCCCC)c1ccc(s1)c1n(C[C@@H](CCCC)CC)c(=O)c2c1c(=O)n(c2c1cccs1)C[C@H](CCCC)CC,2.19
439,CCCCCCCC[C@H](CCc1ccc(s1)c1c2sc(cc2c(c2c1cc(s2)c1sc2c(c1CCCCCC)sc(c2)c1sc(cc1CCCCCC)C=C1C(=O)c2c(C1=O)c(F)ccc2F)c1ccc(s1)CC[C@H](CCCCCCCC)CCCCCC)c1sc2c(c1CCCCCC)sc(c2)c1sc(cc1CCCCCC)C=C1C(=O)c2c(C1=O)c(F)ccc2F)CCCCCC,6.42
440,CCCCCCCCc1cc(sc1c1ccc(s1)c1sc(cc1CCCCCCCC)[CH]C1=[S]N(C(=S)C1=O)CC)c1cc2c(s1)c(c1ccc(s1)[Si](CCC)(CCC)CCC)c1c(c2c2ccc(s2)[Si](CCC)(CCC)CCC)sc(c1)c1sc(c(c1)CCCCCCCC)c1ccc(s1)c1sc(cc1CCCCCCCC)/C=C\1/SN(C(=S)C1=O)CC,7.62
441,CCC[Si](c1ccc(s1)c1c2sc(cc2c(c2c1cc(s2)c1cc(c(s1)c1ccc(s1)c1sc(cc1CCCCCCCC)/C=C(/C(=O)OC[C@@H](CCCC)CC)\C#N)CCCCCCCC)c1ccc(s1)[Si](CCC)(CCC)CCC)c1cc(c(s1)c1ccc(s1)c1sc(cc1CCCCCCCC)/C=C(/C(=O)OC[C@@H](CCCC)CC)\C#N)CCCCCCCC)(CCC)CCC,10.29
442,[H]C(C([H])C1C(CCC2SC(C([H])C2[H])C2C3C(O)N(C(C4SC([H])C([H])C4[H])C3C(O)N2C([H])([H])[C@]([H])(C([H])([H])C([H])([H])[H])C([H])([H])C([H])([H])C([H])([H])C([H])([H])[H])C([H])([H])[C@@]([H])(C([H])([H])C([H])([H])[H])C([H])([H])C([H])([H])C([H])([H])C([H])([H])[H])C(C2C(C3C(C(CCC4SC(C([H])C4[H])C4C5C(O)N(C(C6SC([H])C([H])C6[H])C5C(O)N4C([H])([H])[C@]([H])(C([H])([H])C([H])([H])[H])C([H])([H])C([H])([H])C([H])([H])C([H])([H])[H])C([H])([H])[C@]([H])(C([H])([H])C([H])([H])[H])C([H])([H])C([H])([H])C([H])([H])C([H])([H])[H])C(C([H])C([H])C4SC(C([H])C4[H])C4C5C([H])C([H])C6C(C7C([H])C([H])C8C(C9C([H])C([H])C%10C(C%11C([H])C([H])C4N%11[Zn](N56)(N78)N9%10)C4C([H])C([H])C([H])C([H])C4[H])C4C([H])C([H])C([H])C([H])C4[H])C4C([H])C([H])C([H])C([H])C4[H])N3[B](F)(F)N12)C([H])([H])[H])C1C(C([H])C(C([H])C1C([H])([H])[H])C([H])([H])[H])C([H])([H])[H])C([H])([H])[H])C1SC(C([H])C1[H])C1C2C([H])C([H])C3C(C4C([H])C([H])C5C(C6C([H])C([H])C7C(C8C([H])C([H])C1N8[Zn](N23)(N45)N67)C1C([H])C([H])C([H])C([H])C1[H])C1C([H])C([H])C([H])C([H])C1[H])C1C([H])C([H])C([H])C([H])C1[H],8.98
443,Cc1ccc(s1)c1sc(cc1c1ccc(s1)C)/C=C/c1cc(c(s1)c1ccc(s1)C)c1ccc(s1)C,2.28
444,CCCCCCCCC1(CCCCCCCC)c2cc(sc2c2c1cc(s2)c1ccc(c2c1nsn2)C#N)c1ccc(c2c1nsn2)C#N,4.02
445,CCCCCCCCC1(CCCCCCCC)c2cc(sc2c2c1cc(s2)c1cc(F)c(c2c1nsn2)C#N)c1cc(F)c(c2c1nsn2)C#N,3.28
447,CCCCCCCCC1(CCCCCCCC)c2cc(sc2c2c1cc(s2)c1c(F)c(F)c(c2c1nsn2)C#N)c1c(F)c(F)c(c2c1nsn2)C#N,2.36
448,CCCCCCCC[Si]1(CCCCCCCC)c2cc(sc2c2c1cc(s2)c1sc(cc1C[C@@H](CCCC)CC)C=C1C(=O)c2c(C1=O)cccc2)c1sc(cc1C[C@H](CCCC)CC)C=C1C(=O)c2c(C1=O)cccc2,4.52
449,CCCCCCCC[Si]1(CCCCCCCC)c2cc(sc2c2c1cc(s2)c1sc2c(c1C[C@@H](CCCC)CC)sc(c2)C=C1C(=O)c2c(C1=O)cccc2)c1sc2c(c1C[C@H](CCCC)CC)sc(c2)C=C1C(=O)c2c(C1=O)cccc2,2.79
450,CCCC[C@H](CN1C(=O)c2c(C1=O)cc(cc2)C#Cc1ccc(s1)c1c(F)c(F)c(c2c1nsn2)c1ccc(s1)C#Cc1ccc2c(c1)C(=O)N(C2=O)C[C@@H](CCCC)CC)CC,1.04
451,CCCC[C@@H](COc1ccc2c3c1c1c(OC[C@@H](CCCC)CC)ccc4c1c1c3c(c3c2cc(s3)c2ccc(s2)c2n(C[C@@H](CCCC)CC)c(=O)c3c2c(=O)n(c3c2cccs2)C[C@@H](CCCC)CC)c2c(c1c1c4cc(s1)c1csc(c1)c1n(C[C@@H](CCCC)CC)c(=O)c3c1c(=O)n(c3c1cccs1)C[C@@H](CCCC)CC)nsn2)CC,2.45
452,CCCC[C@@H](COc1ccc2c3c1c1c(OC[C@@H](CCCC)CC)ccc4c1c1c3c(c3c2cc(s3)c2ccc(s2)c2n(C[C@@H](CCCC)CC)c(=O)c3c2c(=O)n(c3c2cccs2)C[C@@H](CCCC)CC)c2c(c1c1c4cc(s1)c1csc(c1)c1n(C[C@@H](CCCC)CC)c(=O)c3c1c(=O)n(c3c1cccs1)C[C@@H](CCCC)CC)nn(n2)C[C@H](CCCC)CC)CC,2.57
454,CCCCCCN1C(=S)S/C(=C/c2cc(c(s2)c2ccc(s2)c2cc(c(s2)/C=C/c2sc(cc2CCCCCC)c2ccc(s2)c2sc(cc2CCCCCC)[CH]C2=[S]C(=S)N(C2=O)CCCCCC)CCCCCC)CCCCCC)/C1=O,5.5
458,CCCCCCCCCC[C@H](Cn1c(=O)c2c(c1c1ccc(s1)c1cc(c(s1)c1cccs1)c1cccs1)c(=O)n(c2c1ccc(s1)c1cc(c(s1)c1cccs1)c1cccs1)C[C@H](CCCCCCCCCC)CCCCCCCC)CCCCCCCC,1.23
459,CCCCCCCCCC[C@H](Cn1c(=O)c2c(c1c1ccc(s1)c1sc(c(c1)c1ccc(s1)c1sc(c(c1)c1ccc(s1)[Si](C)(C)C)c1ccc(s1)[Si](C)(C)C)c1ccc(s1)c1sc(c(c1)c1ccc(s1)[Si](C)(C)C)c1ccc(s1)[Si](C)(C)C)c(=O)n(c2c1ccc(s1)c1sc(c(c1)c1ccc(s1)c1sc(c(c1)c1ccc(s1)[Si](C)(C)C)c1ccc(s1)[Si](C)(C)C)c1ccc(s1)c1sc(c(c1)c1ccc(s1)[Si](C)(C)C)c1ccc(s1)[Si](C)(C)C)C[C@H](CCCCCCCCCC)CCCCCCCC)CCCCCCCC,0.7
460,CCCCCCCCCC[C@H](Cn1c(=O)c2c(c1c1ccc(s1)c1sc(c(c1)c1ccc(s1)c1sc(c(c1)c1cccs1)c1cccs1)c1ccc(s1)c1sc(c(c1)c1cccs1)c1cccs1)c(=O)n(c2c1ccc(s1)c1sc(c(c1)c1ccc(s1)c1sc(c(c1)c1cccs1)c1cccs1)c1ccc(s1)c1sc(c(c1)c1cccs1)c1cccs1)C[C@H](CCCCCCCCCC)CCCCCCCC)CCCCCCCC,1.33
462,CCCC[C@@H](CSc1ccc(s1)c1c2sc3c(c2c(c2c1c1sc(cc1s2)c1cc(c(s1)c1ccc(s1)c1sc(cc1CCCCCCCC)[CH]C1=[S]C(=S)N(C1=O)CC)CCCCCCCC)c1ccc(s1)SC[C@H](CCCC)CC)sc(c3)c1cc(c(s1)c1ccc(s1)c1sc(cc1CCCCCCCC)[CH]C1=[S]C(=S)N(C1=O)CC)CCCCCCCC)CC,7.4
464,CCCCCCCC[C@@H](Cc1ccc(s1)/C=C/c1ccc(s1)c1c2cc(sc2c(c2c1sc(c2)c1sc(c(c1)CCCCCCCC)c1ccc(s1)c1sc(cc1CCCCCCCC)/C=C/1\SC(=S)N(C1=O)CC)c1ccc(s1)/C=C/c1ccc(s1)C[C@@H](CCCCCCCC)CCCCCC)c1sc(c(c1)CCCCCCCC)c1ccc(s1)c1sc(cc1CCCCCCCC)c1ccc(s1)/C=C/1\SC(=S)N(C1=O)CC)CCCCCC,6.63
465,CCCCCCCC[C@@H](CSc1ccc(s1)/C=C/c1ccc(s1)c1c2cc(sc2c(c2c1sc(c2)c1cc(c(s1)c1ccc(s1)c1sc(cc1CCCCCCCC)[CH]C1=[S]C(=S)N(C1=O)CC)CCCCCCCC)c1ccc(s1)/C=C/c1ccc(s1)SC[C@@H](CCCCCCCC)CCCCCC)c1cc(c(s1)c1ccc(s1)c1sc(cc1CCCCCCCC)c1ccc(s1)[CH]C1=[S]C(=S)N(C1=O)CC)CCCCCCCC)CCCCCC,6.84
312,CCCC[C@H](Cc1ccc(s1)c1ccc(s1)c1c2sc(cc2c(c2c1cc(s2)c1ccc(s1)c1n(C[C@@H](CCCC)CC)c(=O)c2c1c(=O)n(c2c1cccs1)C[C@H](CCCC)CC)c1ccc(s1)c1ccc(s1)C[C@H](CCCC)CC)c1ccc(s1)c1n(C[C@@H](CCCC)CC)c(=O)c2c1c(=O)n(c2c1cccs1)C[C@H](CCCC)CC)CC,4.8
466,CCCC[C@@H](Cn1c(c2ccc(s2)c2sc3c(c2)c(c2ccc(s2)/C=C/c2ccc(s2)C[C@@H](CCCC)CC)c2c(c3c3ccc(s3)/C=C/c3ccc(s3)C[C@H](CCCC)CC)cc(s2)c2ccc(s2)c2n(C[C@H](CCCC)CC)c(=O)c3c2c(=O)n(c3c2cccs2)C[C@H](CCCC)CC)c2c(c1=O)c(n(c2=O)C[C@H](CCCC)CC)c1cccs1)CC,5.48
467,CCCCCCCCCCc1sc(cc1CCCCCCCCCC)c1c2sc3c(c2c(c2c1c1sc(cc1s2)c1cc(c(s1)c1ccc(s1)c1sc(cc1CCCCCCCC)/C=C(\C(=O)OCC)/C#N)CCCCCCCC)c1cc(c(s1)CCCCCCCCCC)CCCCCCCCCC)sc(c3)c1cc(c(s1)c1ccc(s1)c1sc(cc1CCCCCCCC)/C=C(/C(=O)OCC)\C#N)CCCCCCCC,3.02
469,CCCC[C@H](Cc1ccc(s1)c1c2cc(sc2c(c2c1sc(c2)c1sc(cc1CCCCCC)C=C1C(=O)c2c(C1=O)cccc2)c1ccc(s1)C[C@@H](CCCC)CC)c1sc(cc1CCCCCC)C=C1C(=O)c2c(C1=O)cccc2)CC,5.7
470,CCCC[C@H](Cc1ccc(s1)c1c2cc(sc2c(c2c1sc(c2)c1sc(cc1CCCCCC)c1sc(cc1CCCCCC)C=C1C(=O)c2c(C1=O)cccc2)c1ccc(s1)C[C@@H](CCCC)CC)c1sc(cc1CCCCCC)c1sc(cc1CCCCCC)C=C1C(=O)c2c(C1=O)cccc2)CC,6.7
471,CCCC[C@H](Cc1ccc(s1)c1c2cc(sc2c(c2c1sc(c2)c1sc(cc1CCCCCC)c1sc(cc1CCCCCC)c1sc(cc1CCCCCC)C=C1C(=O)c2c(C1=O)cccc2)c1ccc(s1)C[C@@H](CCCC)CC)c1sc(cc1CCCCCC)c1sc(cc1CCCCCC)c1sc(cc1CCCCCC)C=C1C(=O)c2c(C1=O)cccc2)CC,5
473,CCCCCCCCOC(=O)/C(=C/c1sc(c(c1)CCCCCCCC)C1=CCC(=[S]1)C1=[S]C(=C[C@H]1CCCCCCCC)c1oc2c(c1)cc(c1c2c(cc2c1oc(c2)C1=[S][C@H](C(=C1)CCCCCCCC)c1ccc(s1)c1sc(cc1CCCCCCCC)/C=C(/C(=O)OCCCCCCCC)\C#N)c1ccc(cc1)OC[C@H](CCCC)CC)c1ccc(cc1)OC[C@H](CCCC)CC)/C#N,3.13
474,CCCCCCCCOc1ccc(cc1)[C]1c2cc(cn2[B](n2c1cc(c2)C#Cc1sc2c(c1)c(OCCCCCCCC)c1c(c2OCCCCCCCC)ccs1)(F)F)C#Cc1sc2c(c1)c(OCCCCCCCC)c1c(c2OCCCCCCCC)ccs1,5.61
476,CCCC[C@H](CN1C(=O)c2c(C1=O)cc(cc2)C#Cc1ccc(s1)c1cc(F)c(c2c1nsn2)c1ccc(s1)C#Cc1ccc2c(c1)C(=O)N(C2=O)C[C@@H](CCCC)CC)CC,0.7
477,CCCCCCCC[Si]1(CCCCCCCC)c2cc(sc2c2c1cc(s2)c1ccc(s1)c1ccc(s1)C(=C(C#N)C#N)C)c1ccc(s1)c1ccc(s1)C(=C(C#N)C#N)C,6.19
478,CCCCCCCC[Si]1(CCCCCCCC)c2cc(sc2c2c1cc(s2)c1ccc(s1)c1ccc(s1)/C=C/1\SC(=S)N(C1=O)CC)c1ccc(s1)c1ccc(s1)[CH]C1=[S]C(=S)N(C1=O)CC,5.13
479,CCCCCCCCC(n1c2CC(=[S]c2c2c1cc(s2)c1ccc(s1)c1ccc(s1)C(=C(C#N)C#N)C)c1ccc(s1)c1ccc(s1)C(=C(C#N)C#N)C)CCCCCCCC,4.8
481,CCCCCCOc1ccc(cc1)N(c1ccc(cc1)OCCCCCC)c1ccc(cc1)c1cc2c(s1)c1c(n2CCCCCC)c2c(s1)c1c(n2CCCCCC)cc(s1)C=C(C#N)C#N,7.26
482,CCCC[C@H](CN1C(=O)c2c(C1=O)cc(cc2)C#Cc1ccc(s1)c1ccc(c2c1nsn2)c1ccc(s1)C#Cc1ccc2c(c1)C(=O)N(C2=O)C[C@@H](CCCC)CC)CC,0.51
483,CCCCCCn1c2cc(ccc2c2c1c1ccc(cc1n2CCCCCC)c1c(F)cc(c2c1nsn2)c1ccc(s1)c1ccc(s1)c1ccc(s1)CCCCCC)c1c(F)cc(c2c1nsn2)c1ccc(s1)c1ccc(s1)c1ccc(s1)CCCCCC,9.14
483,CCCCCCn1c2cc(ccc2c2c1c1ccc(cc1n2CCCCCC)c1c(F)cc(c2c1nsn2)c1ccc(s1)c1ccc(s1)c1ccc(s1)CCCCCC)c1c(F)cc(c2c1nsn2)c1ccc(s1)c1ccc(s1)c1ccc(s1)CCCCCC,5.88
484,Cc1ccc(cc1)N(c1ccc(cc1)C)c1ccc(s1)c1ccc(c2c1nccn2)C=C1C(=O)c2c(C1=O)cccc2,1.14
485,CCN1C(=S)[S]=C(C1=O)[CH]c1ccc(c2c1nccn2)c1ccc(s1)N(c1ccc(cc1)C)c1ccc(cc1)C,1.26
486,CCCCCCCCOc1c(c2ccc(s2)c2cc3c(s2)c(c2ccc(s2)SC[C@H](CCCC)CC)c2c(c3c3ccc(s3)SC[C@@H](CCCC)CC)sc(c2)c2ccc(s2)c2c(OCCCCCCCC)c(OCCCCCCCC)c(c3c2nsn3)c2ccc(s2)/C=C(/C(=O)OC[C@@H](CCCC)CC)\C#N)c2nsnc2c(c1OCCCCCCCC)c1ccc(s1)/C=C(/C(=O)OC[C@H](CCCC)CC)\C#N,7.2
488,CCCCCCCC[C@@H](Cn1c(c2ccc(s2)c2cc(F)c(cc2F)c2ccc(s2)c2n(C[C@H](CCCCCCCC)CCCCCC)c(=O)c3c2c(=O)n(c3c2ccc(s2)c2ccc3c4c2ccc2c4c(cc3)ccc2)C[C@H](CCCCCCCC)CCCCCC)c2c(c1=O)c(n(c2=O)C[C@H](CCCCCCCC)CCCCCC)c1ccc(s1)c1ccc2c3c1ccc1c3c(cc2)ccc1)CCCCCC,7.21
489,CCCC[C@H](COc1c2sc(cc2c(c2c1cc(s2)c1ccc2c(c1)Sc1c(N2C[C@@H](CCCC)CC)ccc(c1)C=C(C#N)C#N)OC[C@@H](CCCC)CC)c1ccc2c(c1)Sc1c(N2C[C@H](CCCC)CC)ccc(c1)C=C(C#N)C#N)CC,6.11
490,CCCC[C@H](COc1c2sc(cc2c(c2c1cc(s2)c1ccc2c(c1)Sc1c(N2C[C@@H](CCCC)CC)ccc(c1)C=C1C(=O)c2c(C1=O)cccc2)OC[C@@H](CCCC)CC)c1ccc2c(c1)Sc1c(N2C[C@H](CCCC)CC)ccc(c1)C=C1C(=O)c2c(C1=O)cccc2)CC,7.37
491,CCCN1c2ccc(cc2Sc2c1ccc(c2)C(=C(C#N)C#N)C(=C(C#N)C#N)c1ccc(cc1)N(c1ccccc1)c1ccccc1)C#Cc1ccc(cc1)N(c1ccccc1)c1ccccc1,4.72
492,CCCN1c2ccc(cc2Sc2c1ccc(c2)C(=C(C#N)C#N)[C](c1ccc(cc1)N(c1ccccc1)c1ccccc1)c1ccc(cc1)[C](C#N)C#N)C#Cc1ccc(cc1)N(c1ccccc1)c1ccccc1,7.24
493,CCCC[C@H](Cn1c(=O)c2c(c1c1ccc(s1)C1SC3N(C1)[B](c1c3sc(c1)c1ccc(s1)c1n(C[C@@H](CCCC)CC)c(=O)c3c1c(=O)n(c3c1cccs1)C[C@H](CCCC)CC)(c1c(C)cc(cc1C)C)c1c(C)cc(cc1C)C)c(=O)n(c2c1cccs1)C[C@H](CCCC)CC)CC,2.52
494,CCCCCCCCc1cc2c(s1)CC(=[S]2)c1ccc(s1)c1c2c(=O)n(c(c2c(=O)n1C[C@H](CCCC)CC)c1ccc(s1)c1sc2c(c1)[B](N1C2SC(C1)c1ccc(s1)c1n(C[C@@H](CCCC)CC)c(=O)c2c1c(=O)n(c2c1ccc(s1)c1sc2c(c1)sc(c2)CCCCCCCC)C[C@H](CCCC)CC)(c1c(C)cc(cc1C)C)c1c(C)cc(cc1C)C)C[C@@H](CCCC)CC,2.56
495,CCCCCCc1ccc(cc1)C1(c2ccc(cc2)CCCCCC)c2cc(sc2c2c1cc1c(c2)[nH]c2c1cc1c(c2)c2c(C1(c1ccc(cc1)CCCCCC)c1ccc(cc1)CCCCCC)cc(s2)c1sc(c(c1)CCCCCCCC)c1ccc(s1)c1sc(cc1CCCCCCCC)/C=C\1/SC(=S)N(C1=O)CC)c1sc(c(c1)CCCCCCCC)c1ccc(s1)c1sc(cc1CCCCCCCC)/C=C\1/SC(=S)N(C1=O)CC,3.76
496,CCCCCCc1ccc(cc1)C1(c2ccc(cc2)CCCCCC)c2cc(sc2c2c1cc1c(c2)[nH]c2c1cc1c(c2)c2c(C1(c1ccc(cc1)CCCCCC)c1ccc(cc1)CCCCCC)cc(s2)c1ccc(s1)/C=C/1\SC(=S)N(C1=O)CC)c1ccc(s1)/C=C/1\SC(=S)N(C1=O)CC,5.54
497,CCCCCCc1c(/C=C/c2sc(c(c2CCCCCC)CCCCCC)C=O)sc(c1CCCCCC)C#CC1=C2CCC3N2[Ni@@]24n5c1ccc5C(=C1N2C(CC1)C(=c1n4c(=C3c2c(C)cc(cc2C)C)cc1)C#Cc1sc(c(c1CCCCCC)CCCCCC)/C=C/c1sc(c(c1CCCCCC)CCCCCC)C=O)c1c(C)cc(cc1C)C,9.14
499,CCCCN(c1cc(O)c(c(c1)O)C1=C(O)C(=C1O)c1c(O)cc(cc1O)N1c2cc3ccccc3cc2[C@H]2[C@H]1CCC2)CCCC,5.43
501,CCCCN(c1ccc(c(c1)O)C1=C(O)/C(=C\[C@H]2Sc3c(N2CCCC)cccc3)/C1=C(C#N)C#N)CCCC,1.91
502,CCCCN1[C@@H]([CH]C2=C(C(=C2O)c2ccc(cc2O)N2c3ccccc3[C@H]3[C@H]2CCC3)[C](C#N)C#N)Sc2c1cc1ccccc1c2,4.58
503,CCCCCCC1(CCCCCC)c2cc(ccc2c2c1cc(cc2)N(c1cc(O)c(c(c1)O)C1=C(O)/C(=C/[C@H]2N(C)c3c(C2(C)C)c2ccccc2cc3)/C1=O)c1ccccc1)N(c1cc(O)c(c(c1)O)C1=C(O)/C(=C/[C@H]2N(C)c3c(C2(C)C)c2ccccc2cc3)/C1=O)c1ccccc1,2.03
504,CCCCCCCC[C@H](Cn1c2cc(ccc2c2c1cc(cc2)N(c1cc(O)c(c(c1)O)C1=C(O)/C(=C/[C@H]2N(C)c3c(C2(C)C)c2ccccc2cc3)/C1=O)c1ccccc1)N(c1cc(O)c(c(c1)O)C1=C(O)/C(=C/[C@H]2N(C)c3c(C2(C)C)c2ccccc2cc3)/C1=O)c1ccccc1)CCCCCC,4.22
506,OC1=C([CH]C2=CC(=[S]C(=C2)c2ccccc2)c2ccccc2)C(=O)/C/1=C\[C@H]1N(C)c2c(C1(C)C)c1ccccc1cc2,0.65
508,OC1=C([CH]C2=CC(=[S]C(=C2)c2ccccc2)c2ccccc2)C(=O)/C/1=C\[C@H]1N(C)c2c(C1(C)C)ccc1c2cccc1,0.53
509,COc1ccc(cc1)C1=CC(=CC(=[S]1)c1ccc(cc1)OC)[CH]C1=C(O)/C(=C/[C@H]2N(C)c3c(C2(C)C)ccc2c3cccc2)/C1=O,0.39
511,CCCCN(c1ccccc1)c1cc(O)c(c(c1)O)C1=C(O)C(=C1O)c1c(O)cc(cc1O)N(c1ccccc1)CCCC,4.58
512,CCCC[C@H](Cc1ccc(s1)c1c2cc(sc2c(c2c1sc(c2)c1sc(cc1CCCCCCCC)c1sc(cc1CCCCCCCC)c1sc(cc1CCCCCCCC)/C=C\1/C(=O)N(c2c1cccc2)CC)c1ccc(s1)C[C@@H](CCCC)CC)c1sc(cc1CCCCCCCC)c1sc(cc1CCCCCCCC)c1sc(cc1CCCCCCCC)/C=C/1\C(=O)N(c2c1cccc2)CC)CC,0.61
513,CCCC[C@H](Cc1ccc(s1)c1c2cc(sc2c(c2c1sc(c2)c1sc(cc1CCCCCCCC)c1sc(cc1CCCCCCCC)c1sc(cc1CCCCCCCC)/C=C\1/C(=O)N(c2c1cc(F)c(c2)F)CC)c1ccc(s1)C[C@@H](CCCC)CC)c1sc(cc1CCCCCCCC)c1sc(cc1CCCCCCCC)c1sc(cc1CCCCCCCC)/C=C/1\C(=O)N(c2c1cc(F)c(c2)F)CC)CC,7.8
10,CCCC[C@H](CSc1ccc(s1)c1c2cc(sc2c(c2c1sc(c2)c1sc(c(c1)CCCCCCCC)c1ccc(s1)c1sc(cc1CCCCCCCC)/C=C\1/SC(=S)N(C1=O)CC)c1ccc(s1)SC[C@H](CCCC)CC)c1sc(c(c1)CCCCCCCC)c1ccc(s1)c1sc(cc1CCCCCCCC)/C=C\1/SC(=S)N(C1=O)CC)CC,4.5
10,CCCC[C@H](CSc1ccc(s1)c1c2cc(sc2c(c2c1sc(c2)c1sc(c(c1)CCCCCCCC)c1ccc(s1)c1sc(cc1CCCCCCCC)/C=C\1/SC(=S)N(C1=O)CC)c1ccc(s1)SC[C@H](CCCC)CC)c1sc(c(c1)CCCCCCCC)c1ccc(s1)c1sc(cc1CCCCCCCC)/C=C\1/SC(=S)N(C1=O)CC)CC,4.3
117,CCCC[C@H](Cc1ccc(s1)c1c2cc(sc2c(c2c1sc(c2)c1ccc(s1)c1ccc(s1)c1n(C[C@H](CCCC)CC)c(=O)c2c1c(=O)n(c2c1ccc(s1)c1ccc(cc1)CCCC)C[C@H](CCCC)CC)c1ccc(s1)C[C@H](CCCC)CC)c1ccc(s1)c1ccc(s1)c1n(C[C@@H](CCCC)CC)c(=O)c2c1c(=O)n(c2c1ccc(s1)c1ccc(cc1)CCCC)C[C@@H](CCCC)CC)CC,1.7
434,CCCC[C@H](Cc1ccc(s1)c1c2sc(cc2c(c2c1cc(s2)C1=[S]c2c(C1)c(c1ccc(s1)C[C@H](CCCC)CC)c1c(c2c2ccc(s2)C[C@@H](CCCC)CC)cc(s1)[CH]C1=[S]C(=S)N(C1=O)CC)c1ccc(s1)C[C@H](CCCC)CC)c1sc2c(c1)c(c1ccc(s1)C[C@@H](CCCC)CC)c1c(c2c2ccc(s2)C[C@H](CCCC)CC)cc(s1)[CH]C1=[S]C(=S)N(C1=O)CC)CC,10.52
